mmsi,vessel_name,timestamp_utc_plus8,latitude,longitude,sog_knots,cog_deg,heading_deg,nav_status,position_accuracy,synthetic_track_id,behavior_class,data_source,case_reference,ais_window,reference_vessel,provenance_note
413000105,SYNTH_TANKER_05,2021-10-09T14:00:59+08:00,24.147233,120.391985,11.1,280.18,282.24,under_way_using_engine,high,SYN-06,cross_track,SYNTHETIC,Taichung Port / Sentinel-1 / 2021-10-09,2021-10-09 11:01–18:01 UTC+8,TAIHANG118 / MMSI 412065000,Synthetic AIS for MVP demonstration; not historical AIS.
413000101,SYNTH_TANKER_01,2021-10-09T16:21:00+08:00,24.118042,120.251194,12.19,44.53,46.95,under_way_using_engine,high,SYN-02,nearby_wrong_timing,SYNTHETIC,Taichung Port / Sentinel-1 / 2021-10-09,2021-10-09 11:01–18:01 UTC+8,TAIHANG118 / MMSI 412065000,Synthetic AIS for MVP demonstration; not historical AIS.
413000103,SYNTH_TUG_03,2021-10-09T16:50:59+08:00,24.214649,120.327732,8.74,228.48,225.53,under_way_using_engine,high,SYN-04,moving_away,SYNTHETIC,Taichung Port / Sentinel-1 / 2021-10-09,2021-10-09 11:01–18:01 UTC+8,TAIHANG118 / MMSI 412065000,Synthetic AIS for MVP demonstration; not historical AIS.
412065000,TAIHANG118,2021-10-09T11:51:00+08:00,24.108524,120.170445,10.88,61.06,59.49,under_way_using_engine,high,SYN-01,toward_spill_then_pass,SYNTHETIC,Taichung Port / Sentinel-1 / 2021-10-09,2021-10-09 11:01–18:01 UTC+8,TAIHANG118 / MMSI 412065000,Synthetic AIS for MVP demonstration; not historical AIS.
413000103,SYNTH_TUG_03,2021-10-09T12:41:00+08:00,24.229111,120.34727,8.6,224.31,222.83,under_way_using_engine,high,SYN-04,moving_away,SYNTHETIC,Taichung Port / Sentinel-1 / 2021-10-09,2021-10-09 11:01–18:01 UTC+8,TAIHANG118 / MMSI 412065000,Synthetic AIS for MVP demonstration; not historical AIS.
413000105,SYNTH_TANKER_05,2021-10-09T11:31:00+08:00,24.145348,120.40286,10.78,285.64,285.86,under_way_using_engine,high,SYN-06,cross_track,SYNTHETIC,Taichung Port / Sentinel-1 / 2021-10-09,2021-10-09 11:01–18:01 UTC+8,TAIHANG118 / MMSI 412065000,Synthetic AIS for MVP demonstration; not historical AIS.
413000103,SYNTH_TUG_03,2021-10-09T16:31:00+08:00,24.215811,120.329234,8.47,227.87,231.31,under_way_using_engine,high,SYN-04,moving_away,SYNTHETIC,Taichung Port / Sentinel-1 / 2021-10-09,2021-10-09 11:01–18:01 UTC+8,TAIHANG118 / MMSI 412065000,Synthetic AIS for MVP demonstration; not historical AIS.
413000102,SYNTH_CARGO_02,2021-10-09T17:51:00+08:00,24.11471,120.335459,8.77,322.13,323.06,under_way_using_engine,high,SYN-03,parallel,SYNTHETIC,Taichung Port / Sentinel-1 / 2021-10-09,2021-10-09 11:01–18:01 UTC+8,TAIHANG118 / MMSI 412065000,Synthetic AIS for MVP demonstration; not historical AIS.
413000103,SYNTH_TUG_03,2021-10-09T11:21:00+08:00,24.233888,120.353368,8.69,225.3,227.26,under_way_using_engine,high,SYN-04,moving_away,SYNTHETIC,Taichung Port / Sentinel-1 / 2021-10-09,2021-10-09 11:01–18:01 UTC+8,TAIHANG118 / MMSI 412065000,Synthetic AIS for MVP demonstration; not historical AIS.
413000107,SYNTH_CARGO_07,2021-10-09T12:21:00+08:00,24.270606,120.206526,8.06,158.11,160.17,under_way_using_engine,high,SYN-08,wrong_heading,SYNTHETIC,Taichung Port / Sentinel-1 / 2021-10-09,2021-10-09 11:01–18:01 UTC+8,TAIHANG118 / MMSI 412065000,Synthetic AIS for MVP demonstration; not historical AIS.
413000106,SYNTH_CONTAINER_06,2021-10-09T12:11:00+08:00,24.020763,120.081988,14.79,68.64,69.63,under_way_using_engine,high,SYN-07,approaches_late,SYNTHETIC,Taichung Port / Sentinel-1 / 2021-10-09,2021-10-09 11:01–18:01 UTC+8,TAIHANG118 / MMSI 412065000,Synthetic AIS for MVP demonstration; not historical AIS.
413000107,SYNTH_CARGO_07,2021-10-09T12:31:00+08:00,24.270121,120.206591,7.75,155.89,156.3,under_way_using_engine,high,SYN-08,wrong_heading,SYNTHETIC,Taichung Port / Sentinel-1 / 2021-10-09,2021-10-09 11:01–18:01 UTC+8,TAIHANG118 / MMSI 412065000,Synthetic AIS for MVP demonstration; not historical AIS.
413000107,SYNTH_CARGO_07,2021-10-09T14:01:01+08:00,24.265016,120.208214,7.6,158.01,155.19,under_way_using_engine,high,SYN-08,wrong_heading,SYNTHETIC,Taichung Port / Sentinel-1 / 2021-10-09,2021-10-09 11:01–18:01 UTC+8,TAIHANG118 / MMSI 412065000,Synthetic AIS for MVP demonstration; not historical AIS.
413000106,SYNTH_CONTAINER_06,2021-10-09T16:40:59+08:00,24.042869,120.109,14.54,71.71,70.64,under_way_using_engine,high,SYN-07,approaches_late,SYNTHETIC,Taichung Port / Sentinel-1 / 2021-10-09,2021-10-09 11:01–18:01 UTC+8,TAIHANG118 / MMSI 412065000,Synthetic AIS for MVP demonstration; not historical AIS.
413000103,SYNTH_TUG_03,2021-10-09T16:21:01+08:00,24.216507,120.330067,8.57,228.58,228.77,under_way_using_engine,high,SYN-04,moving_away,SYNTHETIC,Taichung Port / Sentinel-1 / 2021-10-09,2021-10-09 11:01–18:01 UTC+8,TAIHANG118 / MMSI 412065000,Synthetic AIS for MVP demonstration; not historical AIS.
413000101,SYNTH_TANKER_01,2021-10-09T12:51:00+08:00,24.102945,120.234027,11.96,45.41,43.55,under_way_using_engine,high,SYN-02,nearby_wrong_timing,SYNTHETIC,Taichung Port / Sentinel-1 / 2021-10-09,2021-10-09 11:01–18:01 UTC+8,TAIHANG118 / MMSI 412065000,Synthetic AIS for MVP demonstration; not historical AIS.
413000101,SYNTH_TANKER_01,2021-10-09T12:41:00+08:00,24.102231,120.233149,11.89,44.55,48.5,under_way_using_engine,high,SYN-02,nearby_wrong_timing,SYNTHETIC,Taichung Port / Sentinel-1 / 2021-10-09,2021-10-09 11:01–18:01 UTC+8,TAIHANG118 / MMSI 412065000,Synthetic AIS for MVP demonstration; not historical AIS.
413000103,SYNTH_TUG_03,2021-10-09T11:11:00+08:00,24.234407,120.354251,8.99,225.98,225.47,under_way_using_engine,high,SYN-04,moving_away,SYNTHETIC,Taichung Port / Sentinel-1 / 2021-10-09,2021-10-09 11:01–18:01 UTC+8,TAIHANG118 / MMSI 412065000,Synthetic AIS for MVP demonstration; not historical AIS.
413000102,SYNTH_CARGO_02,2021-10-09T12:01:00+08:00,24.097829,120.36065,8.94,321.56,323.21,under_way_using_engine,high,SYN-03,parallel,SYNTHETIC,Taichung Port / Sentinel-1 / 2021-10-09,2021-10-09 11:01–18:01 UTC+8,TAIHANG118 / MMSI 412065000,Synthetic AIS for MVP demonstration; not historical AIS.
413000105,SYNTH_TANKER_05,2021-10-09T17:01:00+08:00,24.149288,120.379078,11.64,303.15,301.06,under_way_using_engine,high,SYN-06,cross_track,SYNTHETIC,Taichung Port / Sentinel-1 / 2021-10-09,2021-10-09 11:01–18:01 UTC+8,TAIHANG118 / MMSI 412065000,Synthetic AIS for MVP demonstration; not historical AIS.
413000107,SYNTH_CARGO_07,2021-10-09T15:11:00+08:00,24.26122,120.209526,7.97,159.81,159.73,under_way_using_engine,high,SYN-08,wrong_heading,SYNTHETIC,Taichung Port / Sentinel-1 / 2021-10-09,2021-10-09 11:01–18:01 UTC+8,TAIHANG118 / MMSI 412065000,Synthetic AIS for MVP demonstration; not historical AIS.
413000101,SYNTH_TANKER_01,2021-10-09T14:00:59+08:00,24.10794,120.23978,11.89,39.46,41.8,under_way_using_engine,high,SYN-02,nearby_wrong_timing,SYNTHETIC,Taichung Port / Sentinel-1 / 2021-10-09,2021-10-09 11:01–18:01 UTC+8,TAIHANG118 / MMSI 412065000,Synthetic AIS for MVP demonstration; not historical AIS.
413000106,SYNTH_CONTAINER_06,2021-10-09T13:00:59+08:00,24.024775,120.087051,14.31,68.59,67.18,under_way_using_engine,high,SYN-07,approaches_late,SYNTHETIC,Taichung Port / Sentinel-1 / 2021-10-09,2021-10-09 11:01–18:01 UTC+8,TAIHANG118 / MMSI 412065000,Synthetic AIS for MVP demonstration; not historical AIS.
413000104,SYNTH_CARGO_04,2021-10-09T16:01:00+08:00,24.304608,120.496912,13.3,237.09,238.9,under_way_using_engine,high,SYN-05,far,SYNTHETIC,Taichung Port / Sentinel-1 / 2021-10-09,2021-10-09 11:01–18:01 UTC+8,TAIHANG118 / MMSI 412065000,Synthetic AIS for MVP demonstration; not historical AIS.
413000103,SYNTH_TUG_03,2021-10-09T12:51:00+08:00,24.228667,120.346449,8.7,224.81,224.14,under_way_using_engine,high,SYN-04,moving_away,SYNTHETIC,Taichung Port / Sentinel-1 / 2021-10-09,2021-10-09 11:01–18:01 UTC+8,TAIHANG118 / MMSI 412065000,Synthetic AIS for MVP demonstration; not historical AIS.
413000107,SYNTH_CARGO_07,2021-10-09T12:10:59+08:00,24.271187,120.206271,8.09,158.73,161.39,under_way_using_engine,high,SYN-08,wrong_heading,SYNTHETIC,Taichung Port / Sentinel-1 / 2021-10-09,2021-10-09 11:01–18:01 UTC+8,TAIHANG118 / MMSI 412065000,Synthetic AIS for MVP demonstration; not historical AIS.
413000103,SYNTH_TUG_03,2021-10-09T15:21:00+08:00,24.219841,120.334787,8.89,226.1,229.95,under_way_using_engine,high,SYN-04,moving_away,SYNTHETIC,Taichung Port / Sentinel-1 / 2021-10-09,2021-10-09 11:01–18:01 UTC+8,TAIHANG118 / MMSI 412065000,Synthetic AIS for MVP demonstration; not historical AIS.
413000104,SYNTH_CARGO_04,2021-10-09T13:21:00+08:00,24.30748,120.501255,13.7,232.25,232.27,under_way_using_engine,high,SYN-05,far,SYNTHETIC,Taichung Port / Sentinel-1 / 2021-10-09,2021-10-09 11:01–18:01 UTC+8,TAIHANG118 / MMSI 412065000,Synthetic AIS for MVP demonstration; not historical AIS.
413000107,SYNTH_CARGO_07,2021-10-09T17:30:59+08:00,24.253511,120.212127,7.54,158.69,161.25,under_way_using_engine,high,SYN-08,wrong_heading,SYNTHETIC,Taichung Port / Sentinel-1 / 2021-10-09,2021-10-09 11:01–18:01 UTC+8,TAIHANG118 / MMSI 412065000,Synthetic AIS for MVP demonstration; not historical AIS.
412065000,TAIHANG118,2021-10-09T15:30:59+08:00,24.121411,120.192872,10.73,55.7,53.14,under_way_using_engine,high,SYN-01,toward_spill_then_pass,SYNTHETIC,Taichung Port / Sentinel-1 / 2021-10-09,2021-10-09 11:01–18:01 UTC+8,TAIHANG118 / MMSI 412065000,Synthetic AIS for MVP demonstration; not historical AIS.
413000103,SYNTH_TUG_03,2021-10-09T14:11:00+08:00,24.224005,120.340186,9.41,224.59,225.64,under_way_using_engine,high,SYN-04,moving_away,SYNTHETIC,Taichung Port / Sentinel-1 / 2021-10-09,2021-10-09 11:01–18:01 UTC+8,TAIHANG118 / MMSI 412065000,Synthetic AIS for MVP demonstration; not historical AIS.
413000106,SYNTH_CONTAINER_06,2021-10-09T17:51:00+08:00,24.04853,120.115968,13.96,69.16,72.92,under_way_using_engine,high,SYN-07,approaches_late,SYNTHETIC,Taichung Port / Sentinel-1 / 2021-10-09,2021-10-09 11:01–18:01 UTC+8,TAIHANG118 / MMSI 412065000,Synthetic AIS for MVP demonstration; not historical AIS.
412065000,TAIHANG118,2021-10-09T16:31:00+08:00,24.124936,120.198715,10.89,58.61,59.53,under_way_using_engine,high,SYN-01,toward_spill_then_pass,SYNTHETIC,Taichung Port / Sentinel-1 / 2021-10-09,2021-10-09 11:01–18:01 UTC+8,TAIHANG118 / MMSI 412065000,Synthetic AIS for MVP demonstration; not historical AIS.
413000102,SYNTH_CARGO_02,2021-10-09T15:51:00+08:00,24.108923,120.344092,9.17,321.0,319.92,under_way_using_engine,high,SYN-03,parallel,SYNTHETIC,Taichung Port / Sentinel-1 / 2021-10-09,2021-10-09 11:01–18:01 UTC+8,TAIHANG118 / MMSI 412065000,Synthetic AIS for MVP demonstration; not historical AIS.
413000105,SYNTH_TANKER_05,2021-10-09T13:41:00+08:00,24.146918,120.393488,11.1,284.85,285.85,under_way_using_engine,high,SYN-06,cross_track,SYNTHETIC,Taichung Port / Sentinel-1 / 2021-10-09,2021-10-09 11:01–18:01 UTC+8,TAIHANG118 / MMSI 412065000,Synthetic AIS for MVP demonstration; not historical AIS.
413000101,SYNTH_TANKER_01,2021-10-09T15:11:00+08:00,24.113,120.245447,12.53,38.3,39.42,under_way_using_engine,high,SYN-02,nearby_wrong_timing,SYNTHETIC,Taichung Port / Sentinel-1 / 2021-10-09,2021-10-09 11:01–18:01 UTC+8,TAIHANG118 / MMSI 412065000,Synthetic AIS for MVP demonstration; not historical AIS.
412065000,TAIHANG118,2021-10-09T15:41:00+08:00,24.121949,120.193803,10.96,56.73,54.73,under_way_using_engine,high,SYN-01,toward_spill_then_pass,SYNTHETIC,Taichung Port / Sentinel-1 / 2021-10-09,2021-10-09 11:01–18:01 UTC+8,TAIHANG118 / MMSI 412065000,Synthetic AIS for MVP demonstration; not historical AIS.
413000102,SYNTH_CARGO_02,2021-10-09T16:21:01+08:00,24.110354,120.341962,8.83,322.82,323.91,under_way_using_engine,high,SYN-03,parallel,SYNTHETIC,Taichung Port / Sentinel-1 / 2021-10-09,2021-10-09 11:01–18:01 UTC+8,TAIHANG118 / MMSI 412065000,Synthetic AIS for MVP demonstration; not historical AIS.
413000102,SYNTH_CARGO_02,2021-10-09T11:21:00+08:00,24.095997,120.363582,9.19,321.31,318.66,under_way_using_engine,high,SYN-03,parallel,SYNTHETIC,Taichung Port / Sentinel-1 / 2021-10-09,2021-10-09 11:01–18:01 UTC+8,TAIHANG118 / MMSI 412065000,Synthetic AIS for MVP demonstration; not historical AIS.
413000103,SYNTH_TUG_03,2021-10-09T17:41:00+08:00,24.211762,120.323815,9.08,227.27,226.46,under_way_using_engine,high,SYN-04,moving_away,SYNTHETIC,Taichung Port / Sentinel-1 / 2021-10-09,2021-10-09 11:01–18:01 UTC+8,TAIHANG118 / MMSI 412065000,Synthetic AIS for MVP demonstration; not historical AIS.
413000102,SYNTH_CARGO_02,2021-10-09T14:21:00+08:00,24.104605,120.350576,9.32,317.0,313.95,under_way_using_engine,high,SYN-03,parallel,SYNTHETIC,Taichung Port / Sentinel-1 / 2021-10-09,2021-10-09 11:01–18:01 UTC+8,TAIHANG118 / MMSI 412065000,Synthetic AIS for MVP demonstration; not historical AIS.
413000107,SYNTH_CARGO_07,2021-10-09T16:00:59+08:00,24.258506,120.210475,8.16,161.34,156.93,under_way_using_engine,high,SYN-08,wrong_heading,SYNTHETIC,Taichung Port / Sentinel-1 / 2021-10-09,2021-10-09 11:01–18:01 UTC+8,TAIHANG118 / MMSI 412065000,Synthetic AIS for MVP demonstration; not historical AIS.
413000105,SYNTH_TANKER_05,2021-10-09T12:51:00+08:00,24.146318,120.397059,11.27,286.01,284.83,under_way_using_engine,high,SYN-06,cross_track,SYNTHETIC,Taichung Port / Sentinel-1 / 2021-10-09,2021-10-09 11:01–18:01 UTC+8,TAIHANG118 / MMSI 412065000,Synthetic AIS for MVP demonstration; not historical AIS.
413000107,SYNTH_CARGO_07,2021-10-09T11:21:01+08:00,24.273899,120.205392,8.01,159.72,163.5,under_way_using_engine,high,SYN-08,wrong_heading,SYNTHETIC,Taichung Port / Sentinel-1 / 2021-10-09,2021-10-09 11:01–18:01 UTC+8,TAIHANG118 / MMSI 412065000,Synthetic AIS for MVP demonstration; not historical AIS.
413000106,SYNTH_CONTAINER_06,2021-10-09T18:01:00+08:00,24.049381,120.116874,13.85,65.16,63.8,under_way_using_engine,high,SYN-07,approaches_late,SYNTHETIC,Taichung Port / Sentinel-1 / 2021-10-09,2021-10-09 11:01–18:01 UTC+8,TAIHANG118 / MMSI 412065000,Synthetic AIS for MVP demonstration; not historical AIS.
413000107,SYNTH_CARGO_07,2021-10-09T17:21:01+08:00,24.254121,120.211757,7.67,159.13,162.64,under_way_using_engine,high,SYN-08,wrong_heading,SYNTHETIC,Taichung Port / Sentinel-1 / 2021-10-09,2021-10-09 11:01–18:01 UTC+8,TAIHANG118 / MMSI 412065000,Synthetic AIS for MVP demonstration; not historical AIS.
412065000,TAIHANG118,2021-10-09T14:41:00+08:00,24.118574,120.187976,10.38,54.73,54.76,under_way_using_engine,high,SYN-01,toward_spill_then_pass,SYNTHETIC,Taichung Port / Sentinel-1 / 2021-10-09,2021-10-09 11:01–18:01 UTC+8,TAIHANG118 / MMSI 412065000,Synthetic AIS for MVP demonstration; not historical AIS.
413000104,SYNTH_CARGO_04,2021-10-09T15:20:59+08:00,24.305258,120.498068,13.04,235.92,232.54,under_way_using_engine,high,SYN-05,far,SYNTHETIC,Taichung Port / Sentinel-1 / 2021-10-09,2021-10-09 11:01–18:01 UTC+8,TAIHANG118 / MMSI 412065000,Synthetic AIS for MVP demonstration; not historical AIS.
413000104,SYNTH_CARGO_04,2021-10-09T12:50:59+08:00,24.308005,120.502083,13.39,235.55,233.13,under_way_using_engine,high,SYN-05,far,SYNTHETIC,Taichung Port / Sentinel-1 / 2021-10-09,2021-10-09 11:01–18:01 UTC+8,TAIHANG118 / MMSI 412065000,Synthetic AIS for MVP demonstration; not historical AIS.
413000104,SYNTH_CARGO_04,2021-10-09T13:01:01+08:00,24.307878,120.501733,13.57,234.15,235.82,under_way_using_engine,high,SYN-05,far,SYNTHETIC,Taichung Port / Sentinel-1 / 2021-10-09,2021-10-09 11:01–18:01 UTC+8,TAIHANG118 / MMSI 412065000,Synthetic AIS for MVP demonstration; not historical AIS.
413000107,SYNTH_CARGO_07,2021-10-09T14:11:00+08:00,24.264495,120.208459,7.7,159.67,162.13,under_way_using_engine,high,SYN-08,wrong_heading,SYNTHETIC,Taichung Port / Sentinel-1 / 2021-10-09,2021-10-09 11:01–18:01 UTC+8,TAIHANG118 / MMSI 412065000,Synthetic AIS for MVP demonstration; not historical AIS.
413000101,SYNTH_TANKER_01,2021-10-09T12:21:00+08:00,24.100748,120.231636,12.26,45.58,43.83,under_way_using_engine,high,SYN-02,nearby_wrong_timing,SYNTHETIC,Taichung Port / Sentinel-1 / 2021-10-09,2021-10-09 11:01–18:01 UTC+8,TAIHANG118 / MMSI 412065000,Synthetic AIS for MVP demonstration; not historical AIS.
412065000,TAIHANG118,2021-10-09T14:20:59+08:00,24.117518,120.186007,10.26,57.66,56.56,under_way_using_engine,high,SYN-01,toward_spill_then_pass,SYNTHETIC,Taichung Port / Sentinel-1 / 2021-10-09,2021-10-09 11:01–18:01 UTC+8,TAIHANG118 / MMSI 412065000,Synthetic AIS for MVP demonstration; not historical AIS.
413000105,SYNTH_TANKER_05,2021-10-09T12:41:01+08:00,24.146224,120.397832,11.4,284.07,283.96,under_way_using_engine,high,SYN-06,cross_track,SYNTHETIC,Taichung Port / Sentinel-1 / 2021-10-09,2021-10-09 11:01–18:01 UTC+8,TAIHANG118 / MMSI 412065000,Synthetic AIS for MVP demonstration; not historical AIS.
413000106,SYNTH_CONTAINER_06,2021-10-09T13:31:00+08:00,24.027314,120.089996,14.02,67.93,69.17,under_way_using_engine,high,SYN-07,approaches_late,SYNTHETIC,Taichung Port / Sentinel-1 / 2021-10-09,2021-10-09 11:01–18:01 UTC+8,TAIHANG118 / MMSI 412065000,Synthetic AIS for MVP demonstration; not historical AIS.
413000102,SYNTH_CARGO_02,2021-10-09T16:01:00+08:00,24.109431,120.343463,8.78,320.29,320.58,under_way_using_engine,high,SYN-03,parallel,SYNTHETIC,Taichung Port / Sentinel-1 / 2021-10-09,2021-10-09 11:01–18:01 UTC+8,TAIHANG118 / MMSI 412065000,Synthetic AIS for MVP demonstration; not historical AIS.
413000106,SYNTH_CONTAINER_06,2021-10-09T15:40:59+08:00,24.037961,120.103027,14.24,72.1,72.42,under_way_using_engine,high,SYN-07,approaches_late,SYNTHETIC,Taichung Port / Sentinel-1 / 2021-10-09,2021-10-09 11:01–18:01 UTC+8,TAIHANG118 / MMSI 412065000,Synthetic AIS for MVP demonstration; not historical AIS.
413000101,SYNTH_TANKER_01,2021-10-09T13:11:01+08:00,24.104427,120.235611,11.71,44.29,44.84,under_way_using_engine,high,SYN-02,nearby_wrong_timing,SYNTHETIC,Taichung Port / Sentinel-1 / 2021-10-09,2021-10-09 11:01–18:01 UTC+8,TAIHANG118 / MMSI 412065000,Synthetic AIS for MVP demonstration; not historical AIS.
413000106,SYNTH_CONTAINER_06,2021-10-09T11:51:00+08:00,24.019122,120.079959,14.71,68.91,68.09,under_way_using_engine,high,SYN-07,approaches_late,SYNTHETIC,Taichung Port / Sentinel-1 / 2021-10-09,2021-10-09 11:01–18:01 UTC+8,TAIHANG118 / MMSI 412065000,Synthetic AIS for MVP demonstration; not historical AIS.
413000102,SYNTH_CARGO_02,2021-10-09T15:11:01+08:00,24.107014,120.347047,9.27,319.53,321.4,under_way_using_engine,high,SYN-03,parallel,SYNTHETIC,Taichung Port / Sentinel-1 / 2021-10-09,2021-10-09 11:01–18:01 UTC+8,TAIHANG118 / MMSI 412065000,Synthetic AIS for MVP demonstration; not historical AIS.
413000102,SYNTH_CARGO_02,2021-10-09T11:31:01+08:00,24.096511,120.362777,9.15,320.07,321.65,under_way_using_engine,high,SYN-03,parallel,SYNTHETIC,Taichung Port / Sentinel-1 / 2021-10-09,2021-10-09 11:01–18:01 UTC+8,TAIHANG118 / MMSI 412065000,Synthetic AIS for MVP demonstration; not historical AIS.
412065000,TAIHANG118,2021-10-09T16:40:59+08:00,24.125509,120.199752,10.98,60.39,60.54,under_way_using_engine,high,SYN-01,toward_spill_then_pass,SYNTHETIC,Taichung Port / Sentinel-1 / 2021-10-09,2021-10-09 11:01–18:01 UTC+8,TAIHANG118 / MMSI 412065000,Synthetic AIS for MVP demonstration; not historical AIS.
413000104,SYNTH_CARGO_04,2021-10-09T13:41:01+08:00,24.307124,120.500694,13.7,231.97,232.72,under_way_using_engine,high,SYN-05,far,SYNTHETIC,Taichung Port / Sentinel-1 / 2021-10-09,2021-10-09 11:01–18:01 UTC+8,TAIHANG118 / MMSI 412065000,Synthetic AIS for MVP demonstration; not historical AIS.
412065000,TAIHANG118,2021-10-09T13:01:00+08:00,24.112955,120.177811,10.7,59.79,64.61,under_way_using_engine,high,SYN-01,toward_spill_then_pass,SYNTHETIC,Taichung Port / Sentinel-1 / 2021-10-09,2021-10-09 11:01–18:01 UTC+8,TAIHANG118 / MMSI 412065000,Synthetic AIS for MVP demonstration; not historical AIS.
413000104,SYNTH_CARGO_04,2021-10-09T11:41:00+08:00,24.309246,120.503886,13.03,239.36,240.19,under_way_using_engine,high,SYN-05,far,SYNTHETIC,Taichung Port / Sentinel-1 / 2021-10-09,2021-10-09 11:01–18:01 UTC+8,TAIHANG118 / MMSI 412065000,Synthetic AIS for MVP demonstration; not historical AIS.
413000105,SYNTH_TANKER_05,2021-10-09T14:51:00+08:00,24.147801,120.388405,10.76,284.56,281.96,under_way_using_engine,high,SYN-06,cross_track,SYNTHETIC,Taichung Port / Sentinel-1 / 2021-10-09,2021-10-09 11:01–18:01 UTC+8,TAIHANG118 / MMSI 412065000,Synthetic AIS for MVP demonstration; not historical AIS.
413000102,SYNTH_CARGO_02,2021-10-09T13:51:00+08:00,24.103114,120.352777,9.08,318.18,313.87,under_way_using_engine,high,SYN-03,parallel,SYNTHETIC,Taichung Port / Sentinel-1 / 2021-10-09,2021-10-09 11:01–18:01 UTC+8,TAIHANG118 / MMSI 412065000,Synthetic AIS for MVP demonstration; not historical AIS.
413000107,SYNTH_CARGO_07,2021-10-09T11:11:00+08:00,24.27442,120.205174,8.18,163.6,163.85,under_way_using_engine,high,SYN-08,wrong_heading,SYNTHETIC,Taichung Port / Sentinel-1 / 2021-10-09,2021-10-09 11:01–18:01 UTC+8,TAIHANG118 / MMSI 412065000,Synthetic AIS for MVP demonstration; not historical AIS.
413000103,SYNTH_TUG_03,2021-10-09T15:01:00+08:00,24.221044,120.336192,8.92,223.55,224.36,under_way_using_engine,high,SYN-04,moving_away,SYNTHETIC,Taichung Port / Sentinel-1 / 2021-10-09,2021-10-09 11:01–18:01 UTC+8,TAIHANG118 / MMSI 412065000,Synthetic AIS for MVP demonstration; not historical AIS.
413000105,SYNTH_TANKER_05,2021-10-09T11:41:00+08:00,24.145454,120.402128,10.96,287.14,285.41,under_way_using_engine,high,SYN-06,cross_track,SYNTHETIC,Taichung Port / Sentinel-1 / 2021-10-09,2021-10-09 11:01–18:01 UTC+8,TAIHANG118 / MMSI 412065000,Synthetic AIS for MVP demonstration; not historical AIS.
413000104,SYNTH_CARGO_04,2021-10-09T12:11:00+08:00,24.308775,120.50312,13.21,234.3,233.57,under_way_using_engine,high,SYN-05,far,SYNTHETIC,Taichung Port / Sentinel-1 / 2021-10-09,2021-10-09 11:01–18:01 UTC+8,TAIHANG118 / MMSI 412065000,Synthetic AIS for MVP demonstration; not historical AIS.
413000105,SYNTH_TANKER_05,2021-10-09T16:31:01+08:00,24.148896,120.381217,11.09,305.19,303.94,under_way_using_engine,high,SYN-06,cross_track,SYNTHETIC,Taichung Port / Sentinel-1 / 2021-10-09,2021-10-09 11:01–18:01 UTC+8,TAIHANG118 / MMSI 412065000,Synthetic AIS for MVP demonstration; not historical AIS.
413000106,SYNTH_CONTAINER_06,2021-10-09T17:21:01+08:00,24.046211,120.113017,14.36,69.12,70.93,under_way_using_engine,high,SYN-07,approaches_late,SYNTHETIC,Taichung Port / Sentinel-1 / 2021-10-09,2021-10-09 11:01–18:01 UTC+8,TAIHANG118 / MMSI 412065000,Synthetic AIS for MVP demonstration; not historical AIS.
413000101,SYNTH_TANKER_01,2021-10-09T15:01:00+08:00,24.11232,120.24467,12.33,39.84,37.43,under_way_using_engine,high,SYN-02,nearby_wrong_timing,SYNTHETIC,Taichung Port / Sentinel-1 / 2021-10-09,2021-10-09 11:01–18:01 UTC+8,TAIHANG118 / MMSI 412065000,Synthetic AIS for MVP demonstration; not historical AIS.
413000106,SYNTH_CONTAINER_06,2021-10-09T15:00:59+08:00,24.034721,120.099012,13.97,71.68,71.77,under_way_using_engine,high,SYN-07,approaches_late,SYNTHETIC,Taichung Port / Sentinel-1 / 2021-10-09,2021-10-09 11:01–18:01 UTC+8,TAIHANG118 / MMSI 412065000,Synthetic AIS for MVP demonstration; not historical AIS.
413000104,SYNTH_CARGO_04,2021-10-09T15:31:00+08:00,24.305102,120.497679,13.07,238.05,239.12,under_way_using_engine,high,SYN-05,far,SYNTHETIC,Taichung Port / Sentinel-1 / 2021-10-09,2021-10-09 11:01–18:01 UTC+8,TAIHANG118 / MMSI 412065000,Synthetic AIS for MVP demonstration; not historical AIS.
413000104,SYNTH_CARGO_04,2021-10-09T11:11:01+08:00,24.309787,120.504723,13.07,236.21,236.62,under_way_using_engine,high,SYN-05,far,SYNTHETIC,Taichung Port / Sentinel-1 / 2021-10-09,2021-10-09 11:01–18:01 UTC+8,TAIHANG118 / MMSI 412065000,Synthetic AIS for MVP demonstration; not historical AIS.
413000102,SYNTH_CARGO_02,2021-10-09T11:41:00+08:00,24.096993,120.362124,9.02,320.96,321.89,under_way_using_engine,high,SYN-03,parallel,SYNTHETIC,Taichung Port / Sentinel-1 / 2021-10-09,2021-10-09 11:01–18:01 UTC+8,TAIHANG118 / MMSI 412065000,Synthetic AIS for MVP demonstration; not historical AIS.
413000107,SYNTH_CARGO_07,2021-10-09T12:51:01+08:00,24.268969,120.206976,7.79,157.4,158.4,under_way_using_engine,high,SYN-08,wrong_heading,SYNTHETIC,Taichung Port / Sentinel-1 / 2021-10-09,2021-10-09 11:01–18:01 UTC+8,TAIHANG118 / MMSI 412065000,Synthetic AIS for MVP demonstration; not historical AIS.
413000104,SYNTH_CARGO_04,2021-10-09T14:01:01+08:00,24.306774,120.50008,13.72,233.98,230.39,under_way_using_engine,high,SYN-05,far,SYNTHETIC,Taichung Port / Sentinel-1 / 2021-10-09,2021-10-09 11:01–18:01 UTC+8,TAIHANG118 / MMSI 412065000,Synthetic AIS for MVP demonstration; not historical AIS.
413000103,SYNTH_TUG_03,2021-10-09T15:11:01+08:00,24.220472,120.335501,9.2,222.8,221.25,under_way_using_engine,high,SYN-04,moving_away,SYNTHETIC,Taichung Port / Sentinel-1 / 2021-10-09,2021-10-09 11:01–18:01 UTC+8,TAIHANG118 / MMSI 412065000,Synthetic AIS for MVP demonstration; not historical AIS.
413000107,SYNTH_CARGO_07,2021-10-09T14:31:00+08:00,24.263458,120.208734,7.8,160.06,158.15,under_way_using_engine,high,SYN-08,wrong_heading,SYNTHETIC,Taichung Port / Sentinel-1 / 2021-10-09,2021-10-09 11:01–18:01 UTC+8,TAIHANG118 / MMSI 412065000,Synthetic AIS for MVP demonstration; not historical AIS.
413000107,SYNTH_CARGO_07,2021-10-09T16:41:01+08:00,24.256346,120.211107,7.68,161.13,159.94,under_way_using_engine,high,SYN-08,wrong_heading,SYNTHETIC,Taichung Port / Sentinel-1 / 2021-10-09,2021-10-09 11:01–18:01 UTC+8,TAIHANG118 / MMSI 412065000,Synthetic AIS for MVP demonstration; not historical AIS.
413000106,SYNTH_CONTAINER_06,2021-10-09T13:21:01+08:00,24.026489,120.088995,14.3,66.7,66.35,under_way_using_engine,high,SYN-07,approaches_late,SYNTHETIC,Taichung Port / Sentinel-1 / 2021-10-09,2021-10-09 11:01–18:01 UTC+8,TAIHANG118 / MMSI 412065000,Synthetic AIS for MVP demonstration; not historical AIS.
413000106,SYNTH_CONTAINER_06,2021-10-09T11:10:59+08:00,24.015911,120.076014,14.07,71.5,74.71,under_way_using_engine,high,SYN-07,approaches_late,SYNTHETIC,Taichung Port / Sentinel-1 / 2021-10-09,2021-10-09 11:01–18:01 UTC+8,TAIHANG118 / MMSI 412065000,Synthetic AIS for MVP demonstration; not historical AIS.
413000104,SYNTH_CARGO_04,2021-10-09T14:11:01+08:00,24.306599,120.499881,13.55,232.36,231.16,under_way_using_engine,high,SYN-05,far,SYNTHETIC,Taichung Port / Sentinel-1 / 2021-10-09,2021-10-09 11:01–18:01 UTC+8,TAIHANG118 / MMSI 412065000,Synthetic AIS for MVP demonstration; not historical AIS.
413000103,SYNTH_TUG_03,2021-10-09T14:20:59+08:00,24.223407,120.339349,9.19,221.71,220.52,under_way_using_engine,high,SYN-04,moving_away,SYNTHETIC,Taichung Port / Sentinel-1 / 2021-10-09,2021-10-09 11:01–18:01 UTC+8,TAIHANG118 / MMSI 412065000,Synthetic AIS for MVP demonstration; not historical AIS.
413000106,SYNTH_CONTAINER_06,2021-10-09T16:21:00+08:00,24.041286,120.107026,14.47,72.84,74.67,under_way_using_engine,high,SYN-07,approaches_late,SYNTHETIC,Taichung Port / Sentinel-1 / 2021-10-09,2021-10-09 11:01–18:01 UTC+8,TAIHANG118 / MMSI 412065000,Synthetic AIS for MVP demonstration; not historical AIS.
413000107,SYNTH_CARGO_07,2021-10-09T11:01:00+08:00,24.275055,120.205014,8.12,159.95,157.0,under_way_using_engine,high,SYN-08,wrong_heading,SYNTHETIC,Taichung Port / Sentinel-1 / 2021-10-09,2021-10-09 11:01–18:01 UTC+8,TAIHANG118 / MMSI 412065000,Synthetic AIS for MVP demonstration; not historical AIS.
413000106,SYNTH_CONTAINER_06,2021-10-09T17:11:01+08:00,24.045398,120.112,14.28,69.6,71.34,under_way_using_engine,high,SYN-07,approaches_late,SYNTHETIC,Taichung Port / Sentinel-1 / 2021-10-09,2021-10-09 11:01–18:01 UTC+8,TAIHANG118 / MMSI 412065000,Synthetic AIS for MVP demonstration; not historical AIS.
413000102,SYNTH_CARGO_02,2021-10-09T17:41:00+08:00,24.114222,120.336216,8.85,322.3,326.49,under_way_using_engine,high,SYN-03,parallel,SYNTHETIC,Taichung Port / Sentinel-1 / 2021-10-09,2021-10-09 11:01–18:01 UTC+8,TAIHANG118 / MMSI 412065000,Synthetic AIS for MVP demonstration; not historical AIS.
412065000,TAIHANG118,2021-10-09T13:41:01+08:00,24.115375,120.181934,10.21,59.93,61.42,under_way_using_engine,high,SYN-01,toward_spill_then_pass,SYNTHETIC,Taichung Port / Sentinel-1 / 2021-10-09,2021-10-09 11:01–18:01 UTC+8,TAIHANG118 / MMSI 412065000,Synthetic AIS for MVP demonstration; not historical AIS.
413000103,SYNTH_TUG_03,2021-10-09T17:11:00+08:00,24.213628,120.326176,8.77,225.95,227.26,under_way_using_engine,high,SYN-04,moving_away,SYNTHETIC,Taichung Port / Sentinel-1 / 2021-10-09,2021-10-09 11:01–18:01 UTC+8,TAIHANG118 / MMSI 412065000,Synthetic AIS for MVP demonstration; not historical AIS.
413000107,SYNTH_CARGO_07,2021-10-09T15:40:59+08:00,24.259572,120.210071,8.2,162.57,163.32,under_way_using_engine,high,SYN-08,wrong_heading,SYNTHETIC,Taichung Port / Sentinel-1 / 2021-10-09,2021-10-09 11:01–18:01 UTC+8,TAIHANG118 / MMSI 412065000,Synthetic AIS for MVP demonstration; not historical AIS.
413000102,SYNTH_CARGO_02,2021-10-09T13:31:00+08:00,24.102235,120.354208,8.58,318.67,318.73,under_way_using_engine,high,SYN-03,parallel,SYNTHETIC,Taichung Port / Sentinel-1 / 2021-10-09,2021-10-09 11:01–18:01 UTC+8,TAIHANG118 / MMSI 412065000,Synthetic AIS for MVP demonstration; not historical AIS.
413000101,SYNTH_TANKER_01,2021-10-09T11:01:00+08:00,24.094984,120.225002,12.34,41.4,39.05,under_way_using_engine,high,SYN-02,nearby_wrong_timing,SYNTHETIC,Taichung Port / Sentinel-1 / 2021-10-09,2021-10-09 11:01–18:01 UTC+8,TAIHANG118 / MMSI 412065000,Synthetic AIS for MVP demonstration; not historical AIS.
413000102,SYNTH_CARGO_02,2021-10-09T13:21:00+08:00,24.101703,120.354893,8.78,316.84,315.32,under_way_using_engine,high,SYN-03,parallel,SYNTHETIC,Taichung Port / Sentinel-1 / 2021-10-09,2021-10-09 11:01–18:01 UTC+8,TAIHANG118 / MMSI 412065000,Synthetic AIS for MVP demonstration; not historical AIS.
413000101,SYNTH_TANKER_01,2021-10-09T12:00:59+08:00,24.099305,120.229856,12.29,43.46,42.2,under_way_using_engine,high,SYN-02,nearby_wrong_timing,SYNTHETIC,Taichung Port / Sentinel-1 / 2021-10-09,2021-10-09 11:01–18:01 UTC+8,TAIHANG118 / MMSI 412065000,Synthetic AIS for MVP demonstration; not historical AIS.
413000105,SYNTH_TANKER_05,2021-10-09T11:21:00+08:00,24.145192,120.40358,10.69,286.53,285.8,under_way_using_engine,high,SYN-06,cross_track,SYNTHETIC,Taichung Port / Sentinel-1 / 2021-10-09,2021-10-09 11:01–18:01 UTC+8,TAIHANG118 / MMSI 412065000,Synthetic AIS for MVP demonstration; not historical AIS.
413000101,SYNTH_TANKER_01,2021-10-09T14:40:59+08:00,24.110852,120.242957,12.14,37.19,37.03,under_way_using_engine,high,SYN-02,nearby_wrong_timing,SYNTHETIC,Taichung Port / Sentinel-1 / 2021-10-09,2021-10-09 11:01–18:01 UTC+8,TAIHANG118 / MMSI 412065000,Synthetic AIS for MVP demonstration; not historical AIS.
413000103,SYNTH_TUG_03,2021-10-09T12:01:00+08:00,24.23151,120.350331,8.44,223.56,223.04,under_way_using_engine,high,SYN-04,moving_away,SYNTHETIC,Taichung Port / Sentinel-1 / 2021-10-09,2021-10-09 11:01–18:01 UTC+8,TAIHANG118 / MMSI 412065000,Synthetic AIS for MVP demonstration; not historical AIS.
413000105,SYNTH_TANKER_05,2021-10-09T17:50:59+08:00,24.150049,120.375448,11.2,299.84,298.66,under_way_using_engine,high,SYN-06,cross_track,SYNTHETIC,Taichung Port / Sentinel-1 / 2021-10-09,2021-10-09 11:01–18:01 UTC+8,TAIHANG118 / MMSI 412065000,Synthetic AIS for MVP demonstration; not historical AIS.
413000106,SYNTH_CONTAINER_06,2021-10-09T17:01:00+08:00,24.044413,120.111016,14.54,72.23,72.79,under_way_using_engine,high,SYN-07,approaches_late,SYNTHETIC,Taichung Port / Sentinel-1 / 2021-10-09,2021-10-09 11:01–18:01 UTC+8,TAIHANG118 / MMSI 412065000,Synthetic AIS for MVP demonstration; not historical AIS.
413000105,SYNTH_TANKER_05,2021-10-09T15:41:00+08:00,24.148447,120.384933,10.8,305.53,307.87,under_way_using_engine,high,SYN-06,cross_track,SYNTHETIC,Taichung Port / Sentinel-1 / 2021-10-09,2021-10-09 11:01–18:01 UTC+8,TAIHANG118 / MMSI 412065000,Synthetic AIS for MVP demonstration; not historical AIS.
413000107,SYNTH_CARGO_07,2021-10-09T15:31:01+08:00,24.260231,120.209837,7.95,162.37,162.38,under_way_using_engine,high,SYN-08,wrong_heading,SYNTHETIC,Taichung Port / Sentinel-1 / 2021-10-09,2021-10-09 11:01–18:01 UTC+8,TAIHANG118 / MMSI 412065000,Synthetic AIS for MVP demonstration; not historical AIS.
413000101,SYNTH_TANKER_01,2021-10-09T12:11:00+08:00,24.10007,120.230717,12.35,44.7,42.5,under_way_using_engine,high,SYN-02,nearby_wrong_timing,SYNTHETIC,Taichung Port / Sentinel-1 / 2021-10-09,2021-10-09 11:01–18:01 UTC+8,TAIHANG118 / MMSI 412065000,Synthetic AIS for MVP demonstration; not historical AIS.
413000103,SYNTH_TUG_03,2021-10-09T13:51:01+08:00,24.225163,120.341807,9.31,222.39,222.42,under_way_using_engine,high,SYN-04,moving_away,SYNTHETIC,Taichung Port / Sentinel-1 / 2021-10-09,2021-10-09 11:01–18:01 UTC+8,TAIHANG118 / MMSI 412065000,Synthetic AIS for MVP demonstration; not historical AIS.
413000101,SYNTH_TANKER_01,2021-10-09T15:31:01+08:00,24.114394,120.247149,12.51,41.75,41.04,under_way_using_engine,high,SYN-02,nearby_wrong_timing,SYNTHETIC,Taichung Port / Sentinel-1 / 2021-10-09,2021-10-09 11:01–18:01 UTC+8,TAIHANG118 / MMSI 412065000,Synthetic AIS for MVP demonstration; not historical AIS.
413000101,SYNTH_TANKER_01,2021-10-09T11:21:00+08:00,24.096377,120.226719,12.39,44.29,43.61,under_way_using_engine,high,SYN-02,nearby_wrong_timing,SYNTHETIC,Taichung Port / Sentinel-1 / 2021-10-09,2021-10-09 11:01–18:01 UTC+8,TAIHANG118 / MMSI 412065000,Synthetic AIS for MVP demonstration; not historical AIS.
413000103,SYNTH_TUG_03,2021-10-09T15:41:00+08:00,24.218786,120.333162,8.98,226.54,226.24,under_way_using_engine,high,SYN-04,moving_away,SYNTHETIC,Taichung Port / Sentinel-1 / 2021-10-09,2021-10-09 11:01–18:01 UTC+8,TAIHANG118 / MMSI 412065000,Synthetic AIS for MVP demonstration; not historical AIS.
413000104,SYNTH_CARGO_04,2021-10-09T17:31:01+08:00,24.302972,120.49454,13.71,236.26,235.54,under_way_using_engine,high,SYN-05,far,SYNTHETIC,Taichung Port / Sentinel-1 / 2021-10-09,2021-10-09 11:01–18:01 UTC+8,TAIHANG118 / MMSI 412065000,Synthetic AIS for MVP demonstration; not historical AIS.
413000104,SYNTH_CARGO_04,2021-10-09T15:50:59+08:00,24.304841,120.497213,13.09,238.45,238.06,under_way_using_engine,high,SYN-05,far,SYNTHETIC,Taichung Port / Sentinel-1 / 2021-10-09,2021-10-09 11:01–18:01 UTC+8,TAIHANG118 / MMSI 412065000,Synthetic AIS for MVP demonstration; not historical AIS.
413000103,SYNTH_TUG_03,2021-10-09T14:31:00+08:00,24.222784,120.33865,9.18,223.09,222.59,under_way_using_engine,high,SYN-04,moving_away,SYNTHETIC,Taichung Port / Sentinel-1 / 2021-10-09,2021-10-09 11:01–18:01 UTC+8,TAIHANG118 / MMSI 412065000,Synthetic AIS for MVP demonstration; not historical AIS.
412065000,TAIHANG118,2021-10-09T12:01:00+08:00,24.109082,120.17147,11.16,61.79,62.18,under_way_using_engine,high,SYN-01,toward_spill_then_pass,SYNTHETIC,Taichung Port / Sentinel-1 / 2021-10-09,2021-10-09 11:01–18:01 UTC+8,TAIHANG118 / MMSI 412065000,Synthetic AIS for MVP demonstration; not historical AIS.
413000104,SYNTH_CARGO_04,2021-10-09T11:31:01+08:00,24.309459,120.504257,13.12,236.3,235.67,under_way_using_engine,high,SYN-05,far,SYNTHETIC,Taichung Port / Sentinel-1 / 2021-10-09,2021-10-09 11:01–18:01 UTC+8,TAIHANG118 / MMSI 412065000,Synthetic AIS for MVP demonstration; not historical AIS.
413000105,SYNTH_TANKER_05,2021-10-09T17:31:00+08:00,24.149648,120.376873,11.21,302.96,304.84,under_way_using_engine,high,SYN-06,cross_track,SYNTHETIC,Taichung Port / Sentinel-1 / 2021-10-09,2021-10-09 11:01–18:01 UTC+8,TAIHANG118 / MMSI 412065000,Synthetic AIS for MVP demonstration; not historical AIS.
412065000,TAIHANG118,2021-10-09T16:01:00+08:00,24.123094,120.1958,10.91,56.98,59.2,under_way_using_engine,high,SYN-01,toward_spill_then_pass,SYNTHETIC,Taichung Port / Sentinel-1 / 2021-10-09,2021-10-09 11:01–18:01 UTC+8,TAIHANG118 / MMSI 412065000,Synthetic AIS for MVP demonstration; not historical AIS.
413000105,SYNTH_TANKER_05,2021-10-09T16:11:00+08:00,24.148732,120.382703,11.0,305.47,305.84,under_way_using_engine,high,SYN-06,cross_track,SYNTHETIC,Taichung Port / Sentinel-1 / 2021-10-09,2021-10-09 11:01–18:01 UTC+8,TAIHANG118 / MMSI 412065000,Synthetic AIS for MVP demonstration; not historical AIS.
413000107,SYNTH_CARGO_07,2021-10-09T14:21:00+08:00,24.263993,120.208616,7.62,159.64,161.53,under_way_using_engine,high,SYN-08,wrong_heading,SYNTHETIC,Taichung Port / Sentinel-1 / 2021-10-09,2021-10-09 11:01–18:01 UTC+8,TAIHANG118 / MMSI 412065000,Synthetic AIS for MVP demonstration; not historical AIS.
413000107,SYNTH_CARGO_07,2021-10-09T13:41:01+08:00,24.266261,120.207952,7.56,157.36,161.72,under_way_using_engine,high,SYN-08,wrong_heading,SYNTHETIC,Taichung Port / Sentinel-1 / 2021-10-09,2021-10-09 11:01–18:01 UTC+8,TAIHANG118 / MMSI 412065000,Synthetic AIS for MVP demonstration; not historical AIS.
412065000,TAIHANG118,2021-10-09T12:51:00+08:00,24.112389,120.176794,10.79,58.62,58.86,under_way_using_engine,high,SYN-01,toward_spill_then_pass,SYNTHETIC,Taichung Port / Sentinel-1 / 2021-10-09,2021-10-09 11:01–18:01 UTC+8,TAIHANG118 / MMSI 412065000,Synthetic AIS for MVP demonstration; not historical AIS.
413000105,SYNTH_TANKER_05,2021-10-09T15:01:00+08:00,24.147872,120.387766,10.71,284.71,283.32,under_way_using_engine,high,SYN-06,cross_track,SYNTHETIC,Taichung Port / Sentinel-1 / 2021-10-09,2021-10-09 11:01–18:01 UTC+8,TAIHANG118 / MMSI 412065000,Synthetic AIS for MVP demonstration; not historical AIS.
413000106,SYNTH_CONTAINER_06,2021-10-09T16:01:00+08:00,24.039642,120.104937,14.57,72.63,71.81,under_way_using_engine,high,SYN-07,approaches_late,SYNTHETIC,Taichung Port / Sentinel-1 / 2021-10-09,2021-10-09 11:01–18:01 UTC+8,TAIHANG118 / MMSI 412065000,Synthetic AIS for MVP demonstration; not historical AIS.
413000104,SYNTH_CARGO_04,2021-10-09T15:01:00+08:00,24.305688,120.498521,13.12,232.45,232.27,under_way_using_engine,high,SYN-05,far,SYNTHETIC,Taichung Port / Sentinel-1 / 2021-10-09,2021-10-09 11:01–18:01 UTC+8,TAIHANG118 / MMSI 412065000,Synthetic AIS for MVP demonstration; not historical AIS.
413000102,SYNTH_CARGO_02,2021-10-09T17:31:01+08:00,24.113695,120.336902,8.85,322.43,320.8,under_way_using_engine,high,SYN-03,parallel,SYNTHETIC,Taichung Port / Sentinel-1 / 2021-10-09,2021-10-09 11:01–18:01 UTC+8,TAIHANG118 / MMSI 412065000,Synthetic AIS for MVP demonstration; not historical AIS.
413000107,SYNTH_CARGO_07,2021-10-09T11:30:59+08:00,24.273344,120.205569,8.07,162.36,163.69,under_way_using_engine,high,SYN-08,wrong_heading,SYNTHETIC,Taichung Port / Sentinel-1 / 2021-10-09,2021-10-09 11:01–18:01 UTC+8,TAIHANG118 / MMSI 412065000,Synthetic AIS for MVP demonstration; not historical AIS.
413000107,SYNTH_CARGO_07,2021-10-09T16:51:01+08:00,24.255732,120.211264,7.69,160.46,157.16,under_way_using_engine,high,SYN-08,wrong_heading,SYNTHETIC,Taichung Port / Sentinel-1 / 2021-10-09,2021-10-09 11:01–18:01 UTC+8,TAIHANG118 / MMSI 412065000,Synthetic AIS for MVP demonstration; not historical AIS.
413000106,SYNTH_CONTAINER_06,2021-10-09T17:31:00+08:00,24.047024,120.114039,14.13,69.11,68.53,under_way_using_engine,high,SYN-07,approaches_late,SYNTHETIC,Taichung Port / Sentinel-1 / 2021-10-09,2021-10-09 11:01–18:01 UTC+8,TAIHANG118 / MMSI 412065000,Synthetic AIS for MVP demonstration; not historical AIS.
413000104,SYNTH_CARGO_04,2021-10-09T14:20:59+08:00,24.306428,120.49965,13.49,234.46,231.89,under_way_using_engine,high,SYN-05,far,SYNTHETIC,Taichung Port / Sentinel-1 / 2021-10-09,2021-10-09 11:01–18:01 UTC+8,TAIHANG118 / MMSI 412065000,Synthetic AIS for MVP demonstration; not historical AIS.
413000106,SYNTH_CONTAINER_06,2021-10-09T15:21:00+08:00,24.036323,120.100983,14.2,71.28,71.94,under_way_using_engine,high,SYN-07,approaches_late,SYNTHETIC,Taichung Port / Sentinel-1 / 2021-10-09,2021-10-09 11:01–18:01 UTC+8,TAIHANG118 / MMSI 412065000,Synthetic AIS for MVP demonstration; not historical AIS.
413000104,SYNTH_CARGO_04,2021-10-09T12:40:59+08:00,24.308225,120.502228,13.4,235.75,239.6,under_way_using_engine,high,SYN-05,far,SYNTHETIC,Taichung Port / Sentinel-1 / 2021-10-09,2021-10-09 11:01–18:01 UTC+8,TAIHANG118 / MMSI 412065000,Synthetic AIS for MVP demonstration; not historical AIS.
413000103,SYNTH_TUG_03,2021-10-09T18:01:00+08:00,24.210568,120.322292,9.29,222.73,221.61,under_way_using_engine,high,SYN-04,moving_away,SYNTHETIC,Taichung Port / Sentinel-1 / 2021-10-09,2021-10-09 11:01–18:01 UTC+8,TAIHANG118 / MMSI 412065000,Synthetic AIS for MVP demonstration; not historical AIS.
413000103,SYNTH_TUG_03,2021-10-09T17:31:00+08:00,24.212377,120.324553,8.87,226.82,230.35,under_way_using_engine,high,SYN-04,moving_away,SYNTHETIC,Taichung Port / Sentinel-1 / 2021-10-09,2021-10-09 11:01–18:01 UTC+8,TAIHANG118 / MMSI 412065000,Synthetic AIS for MVP demonstration; not historical AIS.
413000102,SYNTH_CARGO_02,2021-10-09T12:51:01+08:00,24.100279,120.356989,8.61,320.23,321.35,under_way_using_engine,high,SYN-03,parallel,SYNTHETIC,Taichung Port / Sentinel-1 / 2021-10-09,2021-10-09 11:01–18:01 UTC+8,TAIHANG118 / MMSI 412065000,Synthetic AIS for MVP demonstration; not historical AIS.
413000103,SYNTH_TUG_03,2021-10-09T14:51:00+08:00,24.221562,120.337005,9.04,223.48,223.31,under_way_using_engine,high,SYN-04,moving_away,SYNTHETIC,Taichung Port / Sentinel-1 / 2021-10-09,2021-10-09 11:01–18:01 UTC+8,TAIHANG118 / MMSI 412065000,Synthetic AIS for MVP demonstration; not historical AIS.
413000105,SYNTH_TANKER_05,2021-10-09T16:01:00+08:00,24.148599,120.383443,11.05,305.42,309.62,under_way_using_engine,high,SYN-06,cross_track,SYNTHETIC,Taichung Port / Sentinel-1 / 2021-10-09,2021-10-09 11:01–18:01 UTC+8,TAIHANG118 / MMSI 412065000,Synthetic AIS for MVP demonstration; not historical AIS.
413000107,SYNTH_CARGO_07,2021-10-09T11:41:00+08:00,24.272862,120.205698,8.2,160.38,160.41,under_way_using_engine,high,SYN-08,wrong_heading,SYNTHETIC,Taichung Port / Sentinel-1 / 2021-10-09,2021-10-09 11:01–18:01 UTC+8,TAIHANG118 / MMSI 412065000,Synthetic AIS for MVP demonstration; not historical AIS.
412065000,TAIHANG118,2021-10-09T13:50:59+08:00,24.115881,120.183027,10.33,56.54,54.53,under_way_using_engine,high,SYN-01,toward_spill_then_pass,SYNTHETIC,Taichung Port / Sentinel-1 / 2021-10-09,2021-10-09 11:01–18:01 UTC+8,TAIHANG118 / MMSI 412065000,Synthetic AIS for MVP demonstration; not historical AIS.
413000107,SYNTH_CARGO_07,2021-10-09T16:21:00+08:00,24.257329,120.210657,7.81,160.37,159.42,under_way_using_engine,high,SYN-08,wrong_heading,SYNTHETIC,Taichung Port / Sentinel-1 / 2021-10-09,2021-10-09 11:01–18:01 UTC+8,TAIHANG118 / MMSI 412065000,Synthetic AIS for MVP demonstration; not historical AIS.
413000104,SYNTH_CARGO_04,2021-10-09T17:01:00+08:00,24.303502,120.495265,13.33,237.95,241.32,under_way_using_engine,high,SYN-05,far,SYNTHETIC,Taichung Port / Sentinel-1 / 2021-10-09,2021-10-09 11:01–18:01 UTC+8,TAIHANG118 / MMSI 412065000,Synthetic AIS for MVP demonstration; not historical AIS.
413000104,SYNTH_CARGO_04,2021-10-09T17:51:01+08:00,24.302655,120.493996,13.69,233.03,234.19,under_way_using_engine,high,SYN-05,far,SYNTHETIC,Taichung Port / Sentinel-1 / 2021-10-09,2021-10-09 11:01–18:01 UTC+8,TAIHANG118 / MMSI 412065000,Synthetic AIS for MVP demonstration; not historical AIS.
412065000,TAIHANG118,2021-10-09T15:21:00+08:00,24.120826,120.191883,10.69,56.61,56.57,under_way_using_engine,high,SYN-01,toward_spill_then_pass,SYNTHETIC,Taichung Port / Sentinel-1 / 2021-10-09,2021-10-09 11:01–18:01 UTC+8,TAIHANG118 / MMSI 412065000,Synthetic AIS for MVP demonstration; not historical AIS.
413000107,SYNTH_CARGO_07,2021-10-09T14:41:00+08:00,24.262833,120.208936,7.67,161.66,161.71,under_way_using_engine,high,SYN-08,wrong_heading,SYNTHETIC,Taichung Port / Sentinel-1 / 2021-10-09,2021-10-09 11:01–18:01 UTC+8,TAIHANG118 / MMSI 412065000,Synthetic AIS for MVP demonstration; not historical AIS.
413000101,SYNTH_TANKER_01,2021-10-09T11:50:59+08:00,24.098569,120.229092,12.3,45.41,44.87,under_way_using_engine,high,SYN-02,nearby_wrong_timing,SYNTHETIC,Taichung Port / Sentinel-1 / 2021-10-09,2021-10-09 11:01–18:01 UTC+8,TAIHANG118 / MMSI 412065000,Synthetic AIS for MVP demonstration; not historical AIS.
412065000,TAIHANG118,2021-10-09T17:21:00+08:00,24.128124,120.203764,10.42,59.8,58.02,under_way_using_engine,high,SYN-01,toward_spill_then_pass,SYNTHETIC,Taichung Port / Sentinel-1 / 2021-10-09,2021-10-09 11:01–18:01 UTC+8,TAIHANG118 / MMSI 412065000,Synthetic AIS for MVP demonstration; not historical AIS.
413000106,SYNTH_CONTAINER_06,2021-10-09T14:41:00+08:00,24.033053,120.096946,13.97,69.88,68.55,under_way_using_engine,high,SYN-07,approaches_late,SYNTHETIC,Taichung Port / Sentinel-1 / 2021-10-09,2021-10-09 11:01–18:01 UTC+8,TAIHANG118 / MMSI 412065000,Synthetic AIS for MVP demonstration; not historical AIS.
413000105,SYNTH_TANKER_05,2021-10-09T13:01:00+08:00,24.14642,120.39631,11.57,282.23,280.76,under_way_using_engine,high,SYN-06,cross_track,SYNTHETIC,Taichung Port / Sentinel-1 / 2021-10-09,2021-10-09 11:01–18:01 UTC+8,TAIHANG118 / MMSI 412065000,Synthetic AIS for MVP demonstration; not historical AIS.
412065000,TAIHANG118,2021-10-09T12:11:00+08:00,24.109837,120.17258,10.95,59.69,57.4,under_way_using_engine,high,SYN-01,toward_spill_then_pass,SYNTHETIC,Taichung Port / Sentinel-1 / 2021-10-09,2021-10-09 11:01–18:01 UTC+8,TAIHANG118 / MMSI 412065000,Synthetic AIS for MVP demonstration; not historical AIS.
413000103,SYNTH_TUG_03,2021-10-09T11:31:00+08:00,24.23319,120.352746,8.75,227.94,228.08,under_way_using_engine,high,SYN-04,moving_away,SYNTHETIC,Taichung Port / Sentinel-1 / 2021-10-09,2021-10-09 11:01–18:01 UTC+8,TAIHANG118 / MMSI 412065000,Synthetic AIS for MVP demonstration; not historical AIS.
413000101,SYNTH_TANKER_01,2021-10-09T14:20:59+08:00,24.109432,120.241382,11.9,38.43,37.37,under_way_using_engine,high,SYN-02,nearby_wrong_timing,SYNTHETIC,Taichung Port / Sentinel-1 / 2021-10-09,2021-10-09 11:01–18:01 UTC+8,TAIHANG118 / MMSI 412065000,Synthetic AIS for MVP demonstration; not historical AIS.
413000102,SYNTH_CARGO_02,2021-10-09T11:10:59+08:00,24.095501,120.364269,9.28,320.74,321.23,under_way_using_engine,high,SYN-03,parallel,SYNTHETIC,Taichung Port / Sentinel-1 / 2021-10-09,2021-10-09 11:01–18:01 UTC+8,TAIHANG118 / MMSI 412065000,Synthetic AIS for MVP demonstration; not historical AIS.
413000106,SYNTH_CONTAINER_06,2021-10-09T14:11:00+08:00,24.030569,120.093986,13.84,70.41,67.61,under_way_using_engine,high,SYN-07,approaches_late,SYNTHETIC,Taichung Port / Sentinel-1 / 2021-10-09,2021-10-09 11:01–18:01 UTC+8,TAIHANG118 / MMSI 412065000,Synthetic AIS for MVP demonstration; not historical AIS.
413000102,SYNTH_CARGO_02,2021-10-09T14:00:59+08:00,24.103662,120.352131,9.21,317.27,314.94,under_way_using_engine,high,SYN-03,parallel,SYNTHETIC,Taichung Port / Sentinel-1 / 2021-10-09,2021-10-09 11:01–18:01 UTC+8,TAIHANG118 / MMSI 412065000,Synthetic AIS for MVP demonstration; not historical AIS.
413000103,SYNTH_TUG_03,2021-10-09T13:30:59+08:00,24.226292,120.343351,8.99,220.91,225.23,under_way_using_engine,high,SYN-04,moving_away,SYNTHETIC,Taichung Port / Sentinel-1 / 2021-10-09,2021-10-09 11:01–18:01 UTC+8,TAIHANG118 / MMSI 412065000,Synthetic AIS for MVP demonstration; not historical AIS.
413000101,SYNTH_TANKER_01,2021-10-09T13:50:59+08:00,24.107225,120.238962,11.89,40.98,39.26,under_way_using_engine,high,SYN-02,nearby_wrong_timing,SYNTHETIC,Taichung Port / Sentinel-1 / 2021-10-09,2021-10-09 11:01–18:01 UTC+8,TAIHANG118 / MMSI 412065000,Synthetic AIS for MVP demonstration; not historical AIS.
413000104,SYNTH_CARGO_04,2021-10-09T12:01:00+08:00,24.308923,120.50344,12.99,238.28,236.81,under_way_using_engine,high,SYN-05,far,SYNTHETIC,Taichung Port / Sentinel-1 / 2021-10-09,2021-10-09 11:01–18:01 UTC+8,TAIHANG118 / MMSI 412065000,Synthetic AIS for MVP demonstration; not historical AIS.
412065000,TAIHANG118,2021-10-09T13:11:01+08:00,24.113562,120.178831,10.59,58.59,59.05,under_way_using_engine,high,SYN-01,toward_spill_then_pass,SYNTHETIC,Taichung Port / Sentinel-1 / 2021-10-09,2021-10-09 11:01–18:01 UTC+8,TAIHANG118 / MMSI 412065000,Synthetic AIS for MVP demonstration; not historical AIS.
412065000,TAIHANG118,2021-10-09T11:01:00+08:00,24.105071,120.164981,10.59,57.71,58.23,under_way_using_engine,high,SYN-01,toward_spill_then_pass,SYNTHETIC,Taichung Port / Sentinel-1 / 2021-10-09,2021-10-09 11:01–18:01 UTC+8,TAIHANG118 / MMSI 412065000,Synthetic AIS for MVP demonstration; not historical AIS.
412065000,TAIHANG118,2021-10-09T14:00:59+08:00,24.116444,120.184045,10.27,56.56,54.72,under_way_using_engine,high,SYN-01,toward_spill_then_pass,SYNTHETIC,Taichung Port / Sentinel-1 / 2021-10-09,2021-10-09 11:01–18:01 UTC+8,TAIHANG118 / MMSI 412065000,Synthetic AIS for MVP demonstration; not historical AIS.
413000104,SYNTH_CARGO_04,2021-10-09T14:31:01+08:00,24.306242,120.499354,13.6,235.31,235.0,under_way_using_engine,high,SYN-05,far,SYNTHETIC,Taichung Port / Sentinel-1 / 2021-10-09,2021-10-09 11:01–18:01 UTC+8,TAIHANG118 / MMSI 412065000,Synthetic AIS for MVP demonstration; not historical AIS.
413000101,SYNTH_TANKER_01,2021-10-09T11:31:00+08:00,24.097191,120.227443,12.43,42.5,43.9,under_way_using_engine,high,SYN-02,nearby_wrong_timing,SYNTHETIC,Taichung Port / Sentinel-1 / 2021-10-09,2021-10-09 11:01–18:01 UTC+8,TAIHANG118 / MMSI 412065000,Synthetic AIS for MVP demonstration; not historical AIS.
413000107,SYNTH_CARGO_07,2021-10-09T13:50:59+08:00,24.265692,120.208076,7.63,159.16,161.56,under_way_using_engine,high,SYN-08,wrong_heading,SYNTHETIC,Taichung Port / Sentinel-1 / 2021-10-09,2021-10-09 11:01–18:01 UTC+8,TAIHANG118 / MMSI 412065000,Synthetic AIS for MVP demonstration; not historical AIS.
413000101,SYNTH_TANKER_01,2021-10-09T17:21:00+08:00,24.122259,120.256138,11.82,44.16,46.85,under_way_using_engine,high,SYN-02,nearby_wrong_timing,SYNTHETIC,Taichung Port / Sentinel-1 / 2021-10-09,2021-10-09 11:01–18:01 UTC+8,TAIHANG118 / MMSI 412065000,Synthetic AIS for MVP demonstration; not historical AIS.
413000103,SYNTH_TUG_03,2021-10-09T13:10:59+08:00,24.22743,120.344895,8.94,223.56,224.19,under_way_using_engine,high,SYN-04,moving_away,SYNTHETIC,Taichung Port / Sentinel-1 / 2021-10-09,2021-10-09 11:01–18:01 UTC+8,TAIHANG118 / MMSI 412065000,Synthetic AIS for MVP demonstration; not historical AIS.
413000107,SYNTH_CARGO_07,2021-10-09T17:41:01+08:00,24.252933,120.212154,7.28,158.09,159.77,under_way_using_engine,high,SYN-08,wrong_heading,SYNTHETIC,Taichung Port / Sentinel-1 / 2021-10-09,2021-10-09 11:01–18:01 UTC+8,TAIHANG118 / MMSI 412065000,Synthetic AIS for MVP demonstration; not historical AIS.
412065000,TAIHANG118,2021-10-09T15:11:00+08:00,24.120312,120.190902,10.69,55.66,56.64,under_way_using_engine,high,SYN-01,toward_spill_then_pass,SYNTHETIC,Taichung Port / Sentinel-1 / 2021-10-09,2021-10-09 11:01–18:01 UTC+8,TAIHANG118 / MMSI 412065000,Synthetic AIS for MVP demonstration; not historical AIS.
413000107,SYNTH_CARGO_07,2021-10-09T17:51:00+08:00,24.252462,120.212353,7.42,157.89,156.46,under_way_using_engine,high,SYN-08,wrong_heading,SYNTHETIC,Taichung Port / Sentinel-1 / 2021-10-09,2021-10-09 11:01–18:01 UTC+8,TAIHANG118 / MMSI 412065000,Synthetic AIS for MVP demonstration; not historical AIS.
413000107,SYNTH_CARGO_07,2021-10-09T15:00:59+08:00,24.261755,120.209324,8.01,163.18,161.17,under_way_using_engine,high,SYN-08,wrong_heading,SYNTHETIC,Taichung Port / Sentinel-1 / 2021-10-09,2021-10-09 11:01–18:01 UTC+8,TAIHANG118 / MMSI 412065000,Synthetic AIS for MVP demonstration; not historical AIS.
413000106,SYNTH_CONTAINER_06,2021-10-09T14:01:00+08:00,24.029737,120.093,13.87,68.35,69.33,under_way_using_engine,high,SYN-07,approaches_late,SYNTHETIC,Taichung Port / Sentinel-1 / 2021-10-09,2021-10-09 11:01–18:01 UTC+8,TAIHANG118 / MMSI 412065000,Synthetic AIS for MVP demonstration; not historical AIS.
413000105,SYNTH_TANKER_05,2021-10-09T11:11:00+08:00,24.145102,120.40421,10.66,288.03,292.62,under_way_using_engine,high,SYN-06,cross_track,SYNTHETIC,Taichung Port / Sentinel-1 / 2021-10-09,2021-10-09 11:01–18:01 UTC+8,TAIHANG118 / MMSI 412065000,Synthetic AIS for MVP demonstration; not historical AIS.
413000101,SYNTH_TANKER_01,2021-10-09T16:51:00+08:00,24.120227,120.253685,12.0,43.2,42.89,under_way_using_engine,high,SYN-02,nearby_wrong_timing,SYNTHETIC,Taichung Port / Sentinel-1 / 2021-10-09,2021-10-09 11:01–18:01 UTC+8,TAIHANG118 / MMSI 412065000,Synthetic AIS for MVP demonstration; not historical AIS.
413000103,SYNTH_TUG_03,2021-10-09T16:10:59+08:00,24.21702,120.330803,8.74,226.83,226.7,under_way_using_engine,high,SYN-04,moving_away,SYNTHETIC,Taichung Port / Sentinel-1 / 2021-10-09,2021-10-09 11:01–18:01 UTC+8,TAIHANG118 / MMSI 412065000,Synthetic AIS for MVP demonstration; not historical AIS.
413000101,SYNTH_TANKER_01,2021-10-09T13:31:00+08:00,24.105827,120.237411,11.67,42.02,39.38,under_way_using_engine,high,SYN-02,nearby_wrong_timing,SYNTHETIC,Taichung Port / Sentinel-1 / 2021-10-09,2021-10-09 11:01–18:01 UTC+8,TAIHANG118 / MMSI 412065000,Synthetic AIS for MVP demonstration; not historical AIS.
412065000,TAIHANG118,2021-10-09T15:01:00+08:00,24.119688,120.189959,10.59,55.1,53.41,under_way_using_engine,high,SYN-01,toward_spill_then_pass,SYNTHETIC,Taichung Port / Sentinel-1 / 2021-10-09,2021-10-09 11:01–18:01 UTC+8,TAIHANG118 / MMSI 412065000,Synthetic AIS for MVP demonstration; not historical AIS.
413000102,SYNTH_CARGO_02,2021-10-09T14:31:00+08:00,24.105103,120.349855,9.45,316.15,317.93,under_way_using_engine,high,SYN-03,parallel,SYNTHETIC,Taichung Port / Sentinel-1 / 2021-10-09,2021-10-09 11:01–18:01 UTC+8,TAIHANG118 / MMSI 412065000,Synthetic AIS for MVP demonstration; not historical AIS.
413000107,SYNTH_CARGO_07,2021-10-09T17:01:01+08:00,24.25518,120.211466,7.76,160.59,160.94,under_way_using_engine,high,SYN-08,wrong_heading,SYNTHETIC,Taichung Port / Sentinel-1 / 2021-10-09,2021-10-09 11:01–18:01 UTC+8,TAIHANG118 / MMSI 412065000,Synthetic AIS for MVP demonstration; not historical AIS.
412065000,TAIHANG118,2021-10-09T11:31:00+08:00,24.107151,120.168288,10.85,59.25,59.62,under_way_using_engine,high,SYN-01,toward_spill_then_pass,SYNTHETIC,Taichung Port / Sentinel-1 / 2021-10-09,2021-10-09 11:01–18:01 UTC+8,TAIHANG118 / MMSI 412065000,Synthetic AIS for MVP demonstration; not historical AIS.
413000105,SYNTH_TANKER_05,2021-10-09T13:21:00+08:00,24.146651,120.394916,11.24,282.0,282.86,under_way_using_engine,high,SYN-06,cross_track,SYNTHETIC,Taichung Port / Sentinel-1 / 2021-10-09,2021-10-09 11:01–18:01 UTC+8,TAIHANG118 / MMSI 412065000,Synthetic AIS for MVP demonstration; not historical AIS.
413000102,SYNTH_CARGO_02,2021-10-09T12:21:00+08:00,24.098792,120.359236,8.64,320.88,322.6,under_way_using_engine,high,SYN-03,parallel,SYNTHETIC,Taichung Port / Sentinel-1 / 2021-10-09,2021-10-09 11:01–18:01 UTC+8,TAIHANG118 / MMSI 412065000,Synthetic AIS for MVP demonstration; not historical AIS.
413000105,SYNTH_TANKER_05,2021-10-09T13:51:01+08:00,24.147015,120.392711,11.0,280.86,282.44,under_way_using_engine,high,SYN-06,cross_track,SYNTHETIC,Taichung Port / Sentinel-1 / 2021-10-09,2021-10-09 11:01–18:01 UTC+8,TAIHANG118 / MMSI 412065000,Synthetic AIS for MVP demonstration; not historical AIS.
413000101,SYNTH_TANKER_01,2021-10-09T14:31:01+08:00,24.110077,120.242202,12.03,40.92,38.15,under_way_using_engine,high,SYN-02,nearby_wrong_timing,SYNTHETIC,Taichung Port / Sentinel-1 / 2021-10-09,2021-10-09 11:01–18:01 UTC+8,TAIHANG118 / MMSI 412065000,Synthetic AIS for MVP demonstration; not historical AIS.
413000104,SYNTH_CARGO_04,2021-10-09T16:31:00+08:00,24.304083,120.496067,13.33,239.49,239.01,under_way_using_engine,high,SYN-05,far,SYNTHETIC,Taichung Port / Sentinel-1 / 2021-10-09,2021-10-09 11:01–18:01 UTC+8,TAIHANG118 / MMSI 412065000,Synthetic AIS for MVP demonstration; not historical AIS.
412065000,TAIHANG118,2021-10-09T14:51:00+08:00,24.119288,120.18899,10.56,55.83,56.46,under_way_using_engine,high,SYN-01,toward_spill_then_pass,SYNTHETIC,Taichung Port / Sentinel-1 / 2021-10-09,2021-10-09 11:01–18:01 UTC+8,TAIHANG118 / MMSI 412065000,Synthetic AIS for MVP demonstration; not historical AIS.
413000101,SYNTH_TANKER_01,2021-10-09T14:51:00+08:00,24.111578,120.243849,12.14,41.03,41.6,under_way_using_engine,high,SYN-02,nearby_wrong_timing,SYNTHETIC,Taichung Port / Sentinel-1 / 2021-10-09,2021-10-09 11:01–18:01 UTC+8,TAIHANG118 / MMSI 412065000,Synthetic AIS for MVP demonstration; not historical AIS.
413000106,SYNTH_CONTAINER_06,2021-10-09T16:11:01+08:00,24.04039,120.106006,14.67,73.64,73.19,under_way_using_engine,high,SYN-07,approaches_late,SYNTHETIC,Taichung Port / Sentinel-1 / 2021-10-09,2021-10-09 11:01–18:01 UTC+8,TAIHANG118 / MMSI 412065000,Synthetic AIS for MVP demonstration; not historical AIS.
413000101,SYNTH_TANKER_01,2021-10-09T11:11:00+08:00,24.095709,120.225734,12.38,42.68,41.6,under_way_using_engine,high,SYN-02,nearby_wrong_timing,SYNTHETIC,Taichung Port / Sentinel-1 / 2021-10-09,2021-10-09 11:01–18:01 UTC+8,TAIHANG118 / MMSI 412065000,Synthetic AIS for MVP demonstration; not historical AIS.
413000107,SYNTH_CARGO_07,2021-10-09T12:41:01+08:00,24.269401,120.206778,7.87,157.65,154.95,under_way_using_engine,high,SYN-08,wrong_heading,SYNTHETIC,Taichung Port / Sentinel-1 / 2021-10-09,2021-10-09 11:01–18:01 UTC+8,TAIHANG118 / MMSI 412065000,Synthetic AIS for MVP demonstration; not historical AIS.
413000106,SYNTH_CONTAINER_06,2021-10-09T11:01:00+08:00,24.014937,120.074947,14.03,73.03,66.21,under_way_using_engine,high,SYN-07,approaches_late,SYNTHETIC,Taichung Port / Sentinel-1 / 2021-10-09,2021-10-09 11:01–18:01 UTC+8,TAIHANG118 / MMSI 412065000,Synthetic AIS for MVP demonstration; not historical AIS.
413000104,SYNTH_CARGO_04,2021-10-09T14:51:00+08:00,24.305821,120.498843,13.29,236.25,240.17,under_way_using_engine,high,SYN-05,far,SYNTHETIC,Taichung Port / Sentinel-1 / 2021-10-09,2021-10-09 11:01–18:01 UTC+8,TAIHANG118 / MMSI 412065000,Synthetic AIS for MVP demonstration; not historical AIS.
413000104,SYNTH_CARGO_04,2021-10-09T12:31:00+08:00,24.308312,120.502517,13.31,235.27,231.27,under_way_using_engine,high,SYN-05,far,SYNTHETIC,Taichung Port / Sentinel-1 / 2021-10-09,2021-10-09 11:01–18:01 UTC+8,TAIHANG118 / MMSI 412065000,Synthetic AIS for MVP demonstration; not historical AIS.
413000102,SYNTH_CARGO_02,2021-10-09T13:41:00+08:00,24.102689,120.353438,8.91,320.18,317.39,under_way_using_engine,high,SYN-03,parallel,SYNTHETIC,Taichung Port / Sentinel-1 / 2021-10-09,2021-10-09 11:01–18:01 UTC+8,TAIHANG118 / MMSI 412065000,Synthetic AIS for MVP demonstration; not historical AIS.
412065000,TAIHANG118,2021-10-09T16:51:01+08:00,24.126129,120.200767,10.95,59.98,61.8,under_way_using_engine,high,SYN-01,toward_spill_then_pass,SYNTHETIC,Taichung Port / Sentinel-1 / 2021-10-09,2021-10-09 11:01–18:01 UTC+8,TAIHANG118 / MMSI 412065000,Synthetic AIS for MVP demonstration; not historical AIS.
413000105,SYNTH_TANKER_05,2021-10-09T11:01:00+08:00,24.144995,120.404925,10.68,289.81,286.88,under_way_using_engine,high,SYN-06,cross_track,SYNTHETIC,Taichung Port / Sentinel-1 / 2021-10-09,2021-10-09 11:01–18:01 UTC+8,TAIHANG118 / MMSI 412065000,Synthetic AIS for MVP demonstration; not historical AIS.
413000102,SYNTH_CARGO_02,2021-10-09T16:51:00+08:00,24.111854,120.339819,8.64,321.57,323.62,under_way_using_engine,high,SYN-03,parallel,SYNTHETIC,Taichung Port / Sentinel-1 / 2021-10-09,2021-10-09 11:01–18:01 UTC+8,TAIHANG118 / MMSI 412065000,Synthetic AIS for MVP demonstration; not historical AIS.
413000106,SYNTH_CONTAINER_06,2021-10-09T15:31:00+08:00,24.037186,120.10212,14.22,73.32,74.02,under_way_using_engine,high,SYN-07,approaches_late,SYNTHETIC,Taichung Port / Sentinel-1 / 2021-10-09,2021-10-09 11:01–18:01 UTC+8,TAIHANG118 / MMSI 412065000,Synthetic AIS for MVP demonstration; not historical AIS.
413000102,SYNTH_CARGO_02,2021-10-09T12:31:01+08:00,24.099303,120.358531,8.76,322.44,322.13,under_way_using_engine,high,SYN-03,parallel,SYNTHETIC,Taichung Port / Sentinel-1 / 2021-10-09,2021-10-09 11:01–18:01 UTC+8,TAIHANG118 / MMSI 412065000,Synthetic AIS for MVP demonstration; not historical AIS.
413000105,SYNTH_TANKER_05,2021-10-09T15:50:59+08:00,24.148459,120.384098,10.92,304.39,308.38,under_way_using_engine,high,SYN-06,cross_track,SYNTHETIC,Taichung Port / Sentinel-1 / 2021-10-09,2021-10-09 11:01–18:01 UTC+8,TAIHANG118 / MMSI 412065000,Synthetic AIS for MVP demonstration; not historical AIS.
413000103,SYNTH_TUG_03,2021-10-09T12:31:00+08:00,24.22979,120.347993,8.69,226.09,226.81,under_way_using_engine,high,SYN-04,moving_away,SYNTHETIC,Taichung Port / Sentinel-1 / 2021-10-09,2021-10-09 11:01–18:01 UTC+8,TAIHANG118 / MMSI 412065000,Synthetic AIS for MVP demonstration; not historical AIS.
413000105,SYNTH_TANKER_05,2021-10-09T12:11:01+08:00,24.145861,120.39998,11.14,286.38,287.65,under_way_using_engine,high,SYN-06,cross_track,SYNTHETIC,Taichung Port / Sentinel-1 / 2021-10-09,2021-10-09 11:01–18:01 UTC+8,TAIHANG118 / MMSI 412065000,Synthetic AIS for MVP demonstration; not historical AIS.
413000103,SYNTH_TUG_03,2021-10-09T12:11:01+08:00,24.231011,120.349521,8.56,225.82,225.54,under_way_using_engine,high,SYN-04,moving_away,SYNTHETIC,Taichung Port / Sentinel-1 / 2021-10-09,2021-10-09 11:01–18:01 UTC+8,TAIHANG118 / MMSI 412065000,Synthetic AIS for MVP demonstration; not historical AIS.
413000101,SYNTH_TANKER_01,2021-10-09T15:21:00+08:00,24.11364,120.24632,12.43,39.36,40.74,under_way_using_engine,high,SYN-02,nearby_wrong_timing,SYNTHETIC,Taichung Port / Sentinel-1 / 2021-10-09,2021-10-09 11:01–18:01 UTC+8,TAIHANG118 / MMSI 412065000,Synthetic AIS for MVP demonstration; not historical AIS.
413000102,SYNTH_CARGO_02,2021-10-09T16:41:00+08:00,24.111324,120.340525,8.65,323.08,321.97,under_way_using_engine,high,SYN-03,parallel,SYNTHETIC,Taichung Port / Sentinel-1 / 2021-10-09,2021-10-09 11:01–18:01 UTC+8,TAIHANG118 / MMSI 412065000,Synthetic AIS for MVP demonstration; not historical AIS.
413000103,SYNTH_TUG_03,2021-10-09T17:00:59+08:00,24.21413,120.326903,8.56,226.61,228.29,under_way_using_engine,high,SYN-04,moving_away,SYNTHETIC,Taichung Port / Sentinel-1 / 2021-10-09,2021-10-09 11:01–18:01 UTC+8,TAIHANG118 / MMSI 412065000,Synthetic AIS for MVP demonstration; not historical AIS.
413000104,SYNTH_CARGO_04,2021-10-09T11:21:00+08:00,24.30957,120.504483,13.04,236.31,236.25,under_way_using_engine,high,SYN-05,far,SYNTHETIC,Taichung Port / Sentinel-1 / 2021-10-09,2021-10-09 11:01–18:01 UTC+8,TAIHANG118 / MMSI 412065000,Synthetic AIS for MVP demonstration; not historical AIS.
413000102,SYNTH_CARGO_02,2021-10-09T11:51:01+08:00,24.097356,120.361363,9.03,321.22,325.78,under_way_using_engine,high,SYN-03,parallel,SYNTHETIC,Taichung Port / Sentinel-1 / 2021-10-09,2021-10-09 11:01–18:01 UTC+8,TAIHANG118 / MMSI 412065000,Synthetic AIS for MVP demonstration; not historical AIS.
413000102,SYNTH_CARGO_02,2021-10-09T18:01:00+08:00,24.115165,120.334768,9.02,324.49,325.75,under_way_using_engine,high,SYN-03,parallel,SYNTHETIC,Taichung Port / Sentinel-1 / 2021-10-09,2021-10-09 11:01–18:01 UTC+8,TAIHANG118 / MMSI 412065000,Synthetic AIS for MVP demonstration; not historical AIS.
413000106,SYNTH_CONTAINER_06,2021-10-09T14:21:00+08:00,24.031358,120.094961,13.75,69.38,67.2,under_way_using_engine,high,SYN-07,approaches_late,SYNTHETIC,Taichung Port / Sentinel-1 / 2021-10-09,2021-10-09 11:01–18:01 UTC+8,TAIHANG118 / MMSI 412065000,Synthetic AIS for MVP demonstration; not historical AIS.
413000104,SYNTH_CARGO_04,2021-10-09T15:40:59+08:00,24.304966,120.497509,13.19,237.54,234.11,under_way_using_engine,high,SYN-05,far,SYNTHETIC,Taichung Port / Sentinel-1 / 2021-10-09,2021-10-09 11:01–18:01 UTC+8,TAIHANG118 / MMSI 412065000,Synthetic AIS for MVP demonstration; not historical AIS.
413000105,SYNTH_TANKER_05,2021-10-09T16:51:00+08:00,24.149198,120.379809,11.25,303.95,304.2,under_way_using_engine,high,SYN-06,cross_track,SYNTHETIC,Taichung Port / Sentinel-1 / 2021-10-09,2021-10-09 11:01–18:01 UTC+8,TAIHANG118 / MMSI 412065000,Synthetic AIS for MVP demonstration; not historical AIS.
413000106,SYNTH_CONTAINER_06,2021-10-09T16:51:00+08:00,24.04373,120.110054,14.35,69.54,66.58,under_way_using_engine,high,SYN-07,approaches_late,SYNTHETIC,Taichung Port / Sentinel-1 / 2021-10-09,2021-10-09 11:01–18:01 UTC+8,TAIHANG118 / MMSI 412065000,Synthetic AIS for MVP demonstration; not historical AIS.
413000101,SYNTH_TANKER_01,2021-10-09T16:30:59+08:00,24.118849,120.252098,12.22,42.04,40.21,under_way_using_engine,high,SYN-02,nearby_wrong_timing,SYNTHETIC,Taichung Port / Sentinel-1 / 2021-10-09,2021-10-09 11:01–18:01 UTC+8,TAIHANG118 / MMSI 412065000,Synthetic AIS for MVP demonstration; not historical AIS.
413000103,SYNTH_TUG_03,2021-10-09T11:40:59+08:00,24.232715,120.351862,8.62,227.64,227.68,under_way_using_engine,high,SYN-04,moving_away,SYNTHETIC,Taichung Port / Sentinel-1 / 2021-10-09,2021-10-09 11:01–18:01 UTC+8,TAIHANG118 / MMSI 412065000,Synthetic AIS for MVP demonstration; not historical AIS.
413000101,SYNTH_TANKER_01,2021-10-09T14:11:00+08:00,24.108644,120.240614,12.13,41.13,43.17,under_way_using_engine,high,SYN-02,nearby_wrong_timing,SYNTHETIC,Taichung Port / Sentinel-1 / 2021-10-09,2021-10-09 11:01–18:01 UTC+8,TAIHANG118 / MMSI 412065000,Synthetic AIS for MVP demonstration; not historical AIS.
413000107,SYNTH_CARGO_07,2021-10-09T16:31:00+08:00,24.256808,120.210952,7.94,159.37,160.18,under_way_using_engine,high,SYN-08,wrong_heading,SYNTHETIC,Taichung Port / Sentinel-1 / 2021-10-09,2021-10-09 11:01–18:01 UTC+8,TAIHANG118 / MMSI 412065000,Synthetic AIS for MVP demonstration; not historical AIS.
413000106,SYNTH_CONTAINER_06,2021-10-09T17:41:01+08:00,24.047839,120.115019,14.03,65.65,63.33,under_way_using_engine,high,SYN-07,approaches_late,SYNTHETIC,Taichung Port / Sentinel-1 / 2021-10-09,2021-10-09 11:01–18:01 UTC+8,TAIHANG118 / MMSI 412065000,Synthetic AIS for MVP demonstration; not historical AIS.
413000102,SYNTH_CARGO_02,2021-10-09T13:11:00+08:00,24.101262,120.355655,8.6,318.26,317.28,under_way_using_engine,high,SYN-03,parallel,SYNTHETIC,Taichung Port / Sentinel-1 / 2021-10-09,2021-10-09 11:01–18:01 UTC+8,TAIHANG118 / MMSI 412065000,Synthetic AIS for MVP demonstration; not historical AIS.
413000101,SYNTH_TANKER_01,2021-10-09T13:41:00+08:00,24.106504,120.238114,11.68,41.17,39.95,under_way_using_engine,high,SYN-02,nearby_wrong_timing,SYNTHETIC,Taichung Port / Sentinel-1 / 2021-10-09,2021-10-09 11:01–18:01 UTC+8,TAIHANG118 / MMSI 412065000,Synthetic AIS for MVP demonstration; not historical AIS.
413000104,SYNTH_CARGO_04,2021-10-09T13:31:00+08:00,24.307311,120.500932,13.75,232.19,236.72,under_way_using_engine,high,SYN-05,far,SYNTHETIC,Taichung Port / Sentinel-1 / 2021-10-09,2021-10-09 11:01–18:01 UTC+8,TAIHANG118 / MMSI 412065000,Synthetic AIS for MVP demonstration; not historical AIS.
413000102,SYNTH_CARGO_02,2021-10-09T15:30:59+08:00,24.107956,120.345519,9.26,319.27,318.51,under_way_using_engine,high,SYN-03,parallel,SYNTHETIC,Taichung Port / Sentinel-1 / 2021-10-09,2021-10-09 11:01–18:01 UTC+8,TAIHANG118 / MMSI 412065000,Synthetic AIS for MVP demonstration; not historical AIS.
413000107,SYNTH_CARGO_07,2021-10-09T16:10:59+08:00,24.25803,120.210597,8.07,162.96,162.31,under_way_using_engine,high,SYN-08,wrong_heading,SYNTHETIC,Taichung Port / Sentinel-1 / 2021-10-09,2021-10-09 11:01–18:01 UTC+8,TAIHANG118 / MMSI 412065000,Synthetic AIS for MVP demonstration; not historical AIS.
413000106,SYNTH_CONTAINER_06,2021-10-09T16:31:00+08:00,24.042118,120.108035,14.86,71.81,69.98,under_way_using_engine,high,SYN-07,approaches_late,SYNTHETIC,Taichung Port / Sentinel-1 / 2021-10-09,2021-10-09 11:01–18:01 UTC+8,TAIHANG118 / MMSI 412065000,Synthetic AIS for MVP demonstration; not historical AIS.
413000103,SYNTH_TUG_03,2021-10-09T12:21:00+08:00,24.23036,120.348743,8.61,226.88,225.1,under_way_using_engine,high,SYN-04,moving_away,SYNTHETIC,Taichung Port / Sentinel-1 / 2021-10-09,2021-10-09 11:01–18:01 UTC+8,TAIHANG118 / MMSI 412065000,Synthetic AIS for MVP demonstration; not historical AIS.
413000104,SYNTH_CARGO_04,2021-10-09T16:20:59+08:00,24.3042,120.496373,13.41,238.53,235.58,under_way_using_engine,high,SYN-05,far,SYNTHETIC,Taichung Port / Sentinel-1 / 2021-10-09,2021-10-09 11:01–18:01 UTC+8,TAIHANG118 / MMSI 412065000,Synthetic AIS for MVP demonstration; not historical AIS.
413000103,SYNTH_TUG_03,2021-10-09T15:50:59+08:00,24.218196,120.332304,8.75,225.33,225.33,under_way_using_engine,high,SYN-04,moving_away,SYNTHETIC,Taichung Port / Sentinel-1 / 2021-10-09,2021-10-09 11:01–18:01 UTC+8,TAIHANG118 / MMSI 412065000,Synthetic AIS for MVP demonstration; not historical AIS.
412065000,TAIHANG118,2021-10-09T11:11:00+08:00,24.105659,120.166039,10.53,56.03,52.73,under_way_using_engine,high,SYN-01,toward_spill_then_pass,SYNTHETIC,Taichung Port / Sentinel-1 / 2021-10-09,2021-10-09 11:01–18:01 UTC+8,TAIHANG118 / MMSI 412065000,Synthetic AIS for MVP demonstration; not historical AIS.
413000105,SYNTH_TANKER_05,2021-10-09T17:21:00+08:00,24.149476,120.377581,11.42,303.94,303.75,under_way_using_engine,high,SYN-06,cross_track,SYNTHETIC,Taichung Port / Sentinel-1 / 2021-10-09,2021-10-09 11:01–18:01 UTC+8,TAIHANG118 / MMSI 412065000,Synthetic AIS for MVP demonstration; not historical AIS.
413000105,SYNTH_TANKER_05,2021-10-09T14:11:00+08:00,24.147277,120.391297,10.97,282.81,285.13,under_way_using_engine,high,SYN-06,cross_track,SYNTHETIC,Taichung Port / Sentinel-1 / 2021-10-09,2021-10-09 11:01–18:01 UTC+8,TAIHANG118 / MMSI 412065000,Synthetic AIS for MVP demonstration; not historical AIS.
413000101,SYNTH_TANKER_01,2021-10-09T16:41:00+08:00,24.119453,120.252831,12.08,42.54,43.42,under_way_using_engine,high,SYN-02,nearby_wrong_timing,SYNTHETIC,Taichung Port / Sentinel-1 / 2021-10-09,2021-10-09 11:01–18:01 UTC+8,TAIHANG118 / MMSI 412065000,Synthetic AIS for MVP demonstration; not historical AIS.
413000103,SYNTH_TUG_03,2021-10-09T15:31:00+08:00,24.219392,120.333899,8.84,225.9,225.87,under_way_using_engine,high,SYN-04,moving_away,SYNTHETIC,Taichung Port / Sentinel-1 / 2021-10-09,2021-10-09 11:01–18:01 UTC+8,TAIHANG118 / MMSI 412065000,Synthetic AIS for MVP demonstration; not historical AIS.
413000103,SYNTH_TUG_03,2021-10-09T16:01:01+08:00,24.21758,120.331642,8.53,228.02,229.4,under_way_using_engine,high,SYN-04,moving_away,SYNTHETIC,Taichung Port / Sentinel-1 / 2021-10-09,2021-10-09 11:01–18:01 UTC+8,TAIHANG118 / MMSI 412065000,Synthetic AIS for MVP demonstration; not historical AIS.
413000105,SYNTH_TANKER_05,2021-10-09T12:01:00+08:00,24.145655,120.400623,11.14,284.86,286.4,under_way_using_engine,high,SYN-06,cross_track,SYNTHETIC,Taichung Port / Sentinel-1 / 2021-10-09,2021-10-09 11:01–18:01 UTC+8,TAIHANG118 / MMSI 412065000,Synthetic AIS for MVP demonstration; not historical AIS.
413000106,SYNTH_CONTAINER_06,2021-10-09T11:41:00+08:00,24.018318,120.078995,14.53,72.58,74.12,under_way_using_engine,high,SYN-07,approaches_late,SYNTHETIC,Taichung Port / Sentinel-1 / 2021-10-09,2021-10-09 11:01–18:01 UTC+8,TAIHANG118 / MMSI 412065000,Synthetic AIS for MVP demonstration; not historical AIS.
413000107,SYNTH_CARGO_07,2021-10-09T13:30:59+08:00,24.266815,120.207699,7.5,159.55,161.71,under_way_using_engine,high,SYN-08,wrong_heading,SYNTHETIC,Taichung Port / Sentinel-1 / 2021-10-09,2021-10-09 11:01–18:01 UTC+8,TAIHANG118 / MMSI 412065000,Synthetic AIS for MVP demonstration; not historical AIS.
413000104,SYNTH_CARGO_04,2021-10-09T16:41:00+08:00,24.303844,120.495807,13.27,237.68,237.26,under_way_using_engine,high,SYN-05,far,SYNTHETIC,Taichung Port / Sentinel-1 / 2021-10-09,2021-10-09 11:01–18:01 UTC+8,TAIHANG118 / MMSI 412065000,Synthetic AIS for MVP demonstration; not historical AIS.
413000104,SYNTH_CARGO_04,2021-10-09T13:11:01+08:00,24.307774,120.501456,13.63,234.08,234.09,under_way_using_engine,high,SYN-05,far,SYNTHETIC,Taichung Port / Sentinel-1 / 2021-10-09,2021-10-09 11:01–18:01 UTC+8,TAIHANG118 / MMSI 412065000,Synthetic AIS for MVP demonstration; not historical AIS.
413000102,SYNTH_CARGO_02,2021-10-09T15:40:59+08:00,24.108453,120.344876,9.28,320.78,324.19,under_way_using_engine,high,SYN-03,parallel,SYNTHETIC,Taichung Port / Sentinel-1 / 2021-10-09,2021-10-09 11:01–18:01 UTC+8,TAIHANG118 / MMSI 412065000,Synthetic AIS for MVP demonstration; not historical AIS.
412065000,TAIHANG118,2021-10-09T14:31:00+08:00,24.118052,120.186909,10.27,55.73,56.77,under_way_using_engine,high,SYN-01,toward_spill_then_pass,SYNTHETIC,Taichung Port / Sentinel-1 / 2021-10-09,2021-10-09 11:01–18:01 UTC+8,TAIHANG118 / MMSI 412065000,Synthetic AIS for MVP demonstration; not historical AIS.
413000101,SYNTH_TANKER_01,2021-10-09T18:01:00+08:00,24.125223,120.259449,11.77,43.4,44.37,under_way_using_engine,high,SYN-02,nearby_wrong_timing,SYNTHETIC,Taichung Port / Sentinel-1 / 2021-10-09,2021-10-09 11:01–18:01 UTC+8,TAIHANG118 / MMSI 412065000,Synthetic AIS for MVP demonstration; not historical AIS.
413000105,SYNTH_TANKER_05,2021-10-09T15:31:00+08:00,24.148274,120.385593,10.77,304.3,302.9,under_way_using_engine,high,SYN-06,cross_track,SYNTHETIC,Taichung Port / Sentinel-1 / 2021-10-09,2021-10-09 11:01–18:01 UTC+8,TAIHANG118 / MMSI 412065000,Synthetic AIS for MVP demonstration; not historical AIS.
413000106,SYNTH_CONTAINER_06,2021-10-09T12:20:59+08:00,24.021597,120.08295,14.67,69.19,69.23,under_way_using_engine,high,SYN-07,approaches_late,SYNTHETIC,Taichung Port / Sentinel-1 / 2021-10-09,2021-10-09 11:01–18:01 UTC+8,TAIHANG118 / MMSI 412065000,Synthetic AIS for MVP demonstration; not historical AIS.
413000106,SYNTH_CONTAINER_06,2021-10-09T12:01:00+08:00,24.019934,120.081036,14.62,69.08,70.97,under_way_using_engine,high,SYN-07,approaches_late,SYNTHETIC,Taichung Port / Sentinel-1 / 2021-10-09,2021-10-09 11:01–18:01 UTC+8,TAIHANG118 / MMSI 412065000,Synthetic AIS for MVP demonstration; not historical AIS.
413000101,SYNTH_TANKER_01,2021-10-09T17:01:00+08:00,24.120965,120.25456,11.98,43.83,42.86,under_way_using_engine,high,SYN-02,nearby_wrong_timing,SYNTHETIC,Taichung Port / Sentinel-1 / 2021-10-09,2021-10-09 11:01–18:01 UTC+8,TAIHANG118 / MMSI 412065000,Synthetic AIS for MVP demonstration; not historical AIS.
413000102,SYNTH_CARGO_02,2021-10-09T12:40:59+08:00,24.099787,120.357817,8.7,321.88,317.89,under_way_using_engine,high,SYN-03,parallel,SYNTHETIC,Taichung Port / Sentinel-1 / 2021-10-09,2021-10-09 11:01–18:01 UTC+8,TAIHANG118 / MMSI 412065000,Synthetic AIS for MVP demonstration; not historical AIS.
413000107,SYNTH_CARGO_07,2021-10-09T12:01:00+08:00,24.271804,120.206087,8.05,159.08,160.27,under_way_using_engine,high,SYN-08,wrong_heading,SYNTHETIC,Taichung Port / Sentinel-1 / 2021-10-09,2021-10-09 11:01–18:01 UTC+8,TAIHANG118 / MMSI 412065000,Synthetic AIS for MVP demonstration; not historical AIS.
412065000,TAIHANG118,2021-10-09T13:31:00+08:00,24.114752,120.180947,10.51,59.18,58.34,under_way_using_engine,high,SYN-01,toward_spill_then_pass,SYNTHETIC,Taichung Port / Sentinel-1 / 2021-10-09,2021-10-09 11:01–18:01 UTC+8,TAIHANG118 / MMSI 412065000,Synthetic AIS for MVP demonstration; not historical AIS.
413000104,SYNTH_CARGO_04,2021-10-09T12:20:59+08:00,24.308594,120.502879,13.3,238.83,235.74,under_way_using_engine,high,SYN-05,far,SYNTHETIC,Taichung Port / Sentinel-1 / 2021-10-09,2021-10-09 11:01–18:01 UTC+8,TAIHANG118 / MMSI 412065000,Synthetic AIS for MVP demonstration; not historical AIS.
413000103,SYNTH_TUG_03,2021-10-09T14:01:00+08:00,24.224548,120.340957,9.38,223.95,224.45,under_way_using_engine,high,SYN-04,moving_away,SYNTHETIC,Taichung Port / Sentinel-1 / 2021-10-09,2021-10-09 11:01–18:01 UTC+8,TAIHANG118 / MMSI 412065000,Synthetic AIS for MVP demonstration; not historical AIS.
413000101,SYNTH_TANKER_01,2021-10-09T17:51:00+08:00,24.124505,120.258567,11.92,44.56,41.32,under_way_using_engine,high,SYN-02,nearby_wrong_timing,SYNTHETIC,Taichung Port / Sentinel-1 / 2021-10-09,2021-10-09 11:01–18:01 UTC+8,TAIHANG118 / MMSI 412065000,Synthetic AIS for MVP demonstration; not historical AIS.
413000104,SYNTH_CARGO_04,2021-10-09T17:21:00+08:00,24.303251,120.494725,13.68,234.62,237.17,under_way_using_engine,high,SYN-05,far,SYNTHETIC,Taichung Port / Sentinel-1 / 2021-10-09,2021-10-09 11:01–18:01 UTC+8,TAIHANG118 / MMSI 412065000,Synthetic AIS for MVP demonstration; not historical AIS.
413000103,SYNTH_TUG_03,2021-10-09T17:51:00+08:00,24.211202,120.322947,9.25,225.65,224.93,under_way_using_engine,high,SYN-04,moving_away,SYNTHETIC,Taichung Port / Sentinel-1 / 2021-10-09,2021-10-09 11:01–18:01 UTC+8,TAIHANG118 / MMSI 412065000,Synthetic AIS for MVP demonstration; not historical AIS.
413000105,SYNTH_TANKER_05,2021-10-09T15:10:59+08:00,24.148024,120.386982,10.61,305.83,305.86,under_way_using_engine,high,SYN-06,cross_track,SYNTHETIC,Taichung Port / Sentinel-1 / 2021-10-09,2021-10-09 11:01–18:01 UTC+8,TAIHANG118 / MMSI 412065000,Synthetic AIS for MVP demonstration; not historical AIS.
412065000,TAIHANG118,2021-10-09T17:11:00+08:00,24.127445,120.202692,10.71,59.72,61.39,under_way_using_engine,high,SYN-01,toward_spill_then_pass,SYNTHETIC,Taichung Port / Sentinel-1 / 2021-10-09,2021-10-09 11:01–18:01 UTC+8,TAIHANG118 / MMSI 412065000,Synthetic AIS for MVP demonstration; not historical AIS.
413000104,SYNTH_CARGO_04,2021-10-09T14:41:00+08:00,24.306071,120.499052,13.4,234.24,232.36,under_way_using_engine,high,SYN-05,far,SYNTHETIC,Taichung Port / Sentinel-1 / 2021-10-09,2021-10-09 11:01–18:01 UTC+8,TAIHANG118 / MMSI 412065000,Synthetic AIS for MVP demonstration; not historical AIS.
412065000,TAIHANG118,2021-10-09T17:41:01+08:00,24.129503,120.205799,10.34,59.74,60.46,under_way_using_engine,high,SYN-01,toward_spill_then_pass,SYNTHETIC,Taichung Port / Sentinel-1 / 2021-10-09,2021-10-09 11:01–18:01 UTC+8,TAIHANG118 / MMSI 412065000,Synthetic AIS for MVP demonstration; not historical AIS.
413000105,SYNTH_TANKER_05,2021-10-09T16:41:00+08:00,24.14898,120.380517,11.42,306.16,307.31,under_way_using_engine,high,SYN-06,cross_track,SYNTHETIC,Taichung Port / Sentinel-1 / 2021-10-09,2021-10-09 11:01–18:01 UTC+8,TAIHANG118 / MMSI 412065000,Synthetic AIS for MVP demonstration; not historical AIS.
413000107,SYNTH_CARGO_07,2021-10-09T17:11:00+08:00,24.254647,120.21164,7.73,159.69,162.51,under_way_using_engine,high,SYN-08,wrong_heading,SYNTHETIC,Taichung Port / Sentinel-1 / 2021-10-09,2021-10-09 11:01–18:01 UTC+8,TAIHANG118 / MMSI 412065000,Synthetic AIS for MVP demonstration; not historical AIS.
413000101,SYNTH_TANKER_01,2021-10-09T12:31:00+08:00,24.101524,120.232358,12.03,44.53,46.55,under_way_using_engine,high,SYN-02,nearby_wrong_timing,SYNTHETIC,Taichung Port / Sentinel-1 / 2021-10-09,2021-10-09 11:01–18:01 UTC+8,TAIHANG118 / MMSI 412065000,Synthetic AIS for MVP demonstration; not historical AIS.
413000103,SYNTH_TUG_03,2021-10-09T13:21:01+08:00,24.226828,120.344119,8.9,223.16,223.11,under_way_using_engine,high,SYN-04,moving_away,SYNTHETIC,Taichung Port / Sentinel-1 / 2021-10-09,2021-10-09 11:01–18:01 UTC+8,TAIHANG118 / MMSI 412065000,Synthetic AIS for MVP demonstration; not historical AIS.
413000105,SYNTH_TANKER_05,2021-10-09T15:21:00+08:00,24.148114,120.386289,10.69,302.66,302.6,under_way_using_engine,high,SYN-06,cross_track,SYNTHETIC,Taichung Port / Sentinel-1 / 2021-10-09,2021-10-09 11:01–18:01 UTC+8,TAIHANG118 / MMSI 412065000,Synthetic AIS for MVP demonstration; not historical AIS.
412065000,TAIHANG118,2021-10-09T12:31:00+08:00,24.111079,120.174745,11.0,61.13,60.85,under_way_using_engine,high,SYN-01,toward_spill_then_pass,SYNTHETIC,Taichung Port / Sentinel-1 / 2021-10-09,2021-10-09 11:01–18:01 UTC+8,TAIHANG118 / MMSI 412065000,Synthetic AIS for MVP demonstration; not historical AIS.
412065000,TAIHANG118,2021-10-09T14:11:01+08:00,24.117123,120.184886,10.32,57.27,56.12,under_way_using_engine,high,SYN-01,toward_spill_then_pass,SYNTHETIC,Taichung Port / Sentinel-1 / 2021-10-09,2021-10-09 11:01–18:01 UTC+8,TAIHANG118 / MMSI 412065000,Synthetic AIS for MVP demonstration; not historical AIS.
413000106,SYNTH_CONTAINER_06,2021-10-09T13:51:00+08:00,24.028961,120.09206,13.89,69.39,67.4,under_way_using_engine,high,SYN-07,approaches_late,SYNTHETIC,Taichung Port / Sentinel-1 / 2021-10-09,2021-10-09 11:01–18:01 UTC+8,TAIHANG118 / MMSI 412065000,Synthetic AIS for MVP demonstration; not historical AIS.
413000107,SYNTH_CARGO_07,2021-10-09T15:51:00+08:00,24.258995,120.210221,8.01,163.1,162.32,under_way_using_engine,high,SYN-08,wrong_heading,SYNTHETIC,Taichung Port / Sentinel-1 / 2021-10-09,2021-10-09 11:01–18:01 UTC+8,TAIHANG118 / MMSI 412065000,Synthetic AIS for MVP demonstration; not historical AIS.
413000106,SYNTH_CONTAINER_06,2021-10-09T14:50:59+08:00,24.033857,120.097937,14.1,70.36,67.96,under_way_using_engine,high,SYN-07,approaches_late,SYNTHETIC,Taichung Port / Sentinel-1 / 2021-10-09,2021-10-09 11:01–18:01 UTC+8,TAIHANG118 / MMSI 412065000,Synthetic AIS for MVP demonstration; not historical AIS.
413000104,SYNTH_CARGO_04,2021-10-09T17:11:01+08:00,24.303316,120.495079,13.71,235.68,237.64,under_way_using_engine,high,SYN-05,far,SYNTHETIC,Taichung Port / Sentinel-1 / 2021-10-09,2021-10-09 11:01–18:01 UTC+8,TAIHANG118 / MMSI 412065000,Synthetic AIS for MVP demonstration; not historical AIS.
413000102,SYNTH_CARGO_02,2021-10-09T13:01:00+08:00,24.100781,120.356431,8.64,318.24,321.47,under_way_using_engine,high,SYN-03,parallel,SYNTHETIC,Taichung Port / Sentinel-1 / 2021-10-09,2021-10-09 11:01–18:01 UTC+8,TAIHANG118 / MMSI 412065000,Synthetic AIS for MVP demonstration; not historical AIS.
413000102,SYNTH_CARGO_02,2021-10-09T16:10:59+08:00,24.109893,120.342801,8.75,320.95,320.03,under_way_using_engine,high,SYN-03,parallel,SYNTHETIC,Taichung Port / Sentinel-1 / 2021-10-09,2021-10-09 11:01–18:01 UTC+8,TAIHANG118 / MMSI 412065000,Synthetic AIS for MVP demonstration; not historical AIS.
413000101,SYNTH_TANKER_01,2021-10-09T13:01:00+08:00,24.103684,120.234852,11.79,40.94,41.1,under_way_using_engine,high,SYN-02,nearby_wrong_timing,SYNTHETIC,Taichung Port / Sentinel-1 / 2021-10-09,2021-10-09 11:01–18:01 UTC+8,TAIHANG118 / MMSI 412065000,Synthetic AIS for MVP demonstration; not historical AIS.
413000103,SYNTH_TUG_03,2021-10-09T13:01:01+08:00,24.228066,120.345556,8.8,222.66,223.53,under_way_using_engine,high,SYN-04,moving_away,SYNTHETIC,Taichung Port / Sentinel-1 / 2021-10-09,2021-10-09 11:01–18:01 UTC+8,TAIHANG118 / MMSI 412065000,Synthetic AIS for MVP demonstration; not historical AIS.
413000106,SYNTH_CONTAINER_06,2021-10-09T11:20:59+08:00,24.016642,120.077058,14.35,72.57,75.18,under_way_using_engine,high,SYN-07,approaches_late,SYNTHETIC,Taichung Port / Sentinel-1 / 2021-10-09,2021-10-09 11:01–18:01 UTC+8,TAIHANG118 / MMSI 412065000,Synthetic AIS for MVP demonstration; not historical AIS.
413000106,SYNTH_CONTAINER_06,2021-10-09T11:31:00+08:00,24.017476,120.078012,14.38,71.2,67.34,under_way_using_engine,high,SYN-07,approaches_late,SYNTHETIC,Taichung Port / Sentinel-1 / 2021-10-09,2021-10-09 11:01–18:01 UTC+8,TAIHANG118 / MMSI 412065000,Synthetic AIS for MVP demonstration; not historical AIS.
413000104,SYNTH_CARGO_04,2021-10-09T17:41:01+08:00,24.302751,120.494264,13.71,234.51,234.01,under_way_using_engine,high,SYN-05,far,SYNTHETIC,Taichung Port / Sentinel-1 / 2021-10-09,2021-10-09 11:01–18:01 UTC+8,TAIHANG118 / MMSI 412065000,Synthetic AIS for MVP demonstration; not historical AIS.
413000105,SYNTH_TANKER_05,2021-10-09T14:41:00+08:00,24.147608,120.389138,10.84,284.31,284.09,under_way_using_engine,high,SYN-06,cross_track,SYNTHETIC,Taichung Port / Sentinel-1 / 2021-10-09,2021-10-09 11:01–18:01 UTC+8,TAIHANG118 / MMSI 412065000,Synthetic AIS for MVP demonstration; not historical AIS.
412065000,TAIHANG118,2021-10-09T12:21:01+08:00,24.110459,120.173581,10.83,60.74,63.77,under_way_using_engine,high,SYN-01,toward_spill_then_pass,SYNTHETIC,Taichung Port / Sentinel-1 / 2021-10-09,2021-10-09 11:01–18:01 UTC+8,TAIHANG118 / MMSI 412065000,Synthetic AIS for MVP demonstration; not historical AIS.
413000107,SYNTH_CARGO_07,2021-10-09T13:20:59+08:00,24.267239,120.207498,7.44,156.32,157.67,under_way_using_engine,high,SYN-08,wrong_heading,SYNTHETIC,Taichung Port / Sentinel-1 / 2021-10-09,2021-10-09 11:01–18:01 UTC+8,TAIHANG118 / MMSI 412065000,Synthetic AIS for MVP demonstration; not historical AIS.
413000107,SYNTH_CARGO_07,2021-10-09T15:21:00+08:00,24.26069,120.20968,7.87,163.07,165.72,under_way_using_engine,high,SYN-08,wrong_heading,SYNTHETIC,Taichung Port / Sentinel-1 / 2021-10-09,2021-10-09 11:01–18:01 UTC+8,TAIHANG118 / MMSI 412065000,Synthetic AIS for MVP demonstration; not historical AIS.
412065000,TAIHANG118,2021-10-09T17:51:00+08:00,24.130156,120.206739,10.17,59.09,61.84,under_way_using_engine,high,SYN-01,toward_spill_then_pass,SYNTHETIC,Taichung Port / Sentinel-1 / 2021-10-09,2021-10-09 11:01–18:01 UTC+8,TAIHANG118 / MMSI 412065000,Synthetic AIS for MVP demonstration; not historical AIS.
413000106,SYNTH_CONTAINER_06,2021-10-09T12:51:00+08:00,24.024073,120.08594,14.23,66.87,65.28,under_way_using_engine,high,SYN-07,approaches_late,SYNTHETIC,Taichung Port / Sentinel-1 / 2021-10-09,2021-10-09 11:01–18:01 UTC+8,TAIHANG118 / MMSI 412065000,Synthetic AIS for MVP demonstration; not historical AIS.
413000104,SYNTH_CARGO_04,2021-10-09T16:51:01+08:00,24.303713,120.495616,13.36,238.82,237.11,under_way_using_engine,high,SYN-05,far,SYNTHETIC,Taichung Port / Sentinel-1 / 2021-10-09,2021-10-09 11:01–18:01 UTC+8,TAIHANG118 / MMSI 412065000,Synthetic AIS for MVP demonstration; not historical AIS.
413000105,SYNTH_TANKER_05,2021-10-09T14:21:00+08:00,24.14739,120.390659,10.76,282.9,284.18,under_way_using_engine,high,SYN-06,cross_track,SYNTHETIC,Taichung Port / Sentinel-1 / 2021-10-09,2021-10-09 11:01–18:01 UTC+8,TAIHANG118 / MMSI 412065000,Synthetic AIS for MVP demonstration; not historical AIS.
413000102,SYNTH_CARGO_02,2021-10-09T17:11:00+08:00,24.112867,120.33835,8.64,320.52,320.06,under_way_using_engine,high,SYN-03,parallel,SYNTHETIC,Taichung Port / Sentinel-1 / 2021-10-09,2021-10-09 11:01–18:01 UTC+8,TAIHANG118 / MMSI 412065000,Synthetic AIS for MVP demonstration; not historical AIS.
413000102,SYNTH_CARGO_02,2021-10-09T14:51:00+08:00,24.106046,120.348472,9.24,318.2,317.16,under_way_using_engine,high,SYN-03,parallel,SYNTHETIC,Taichung Port / Sentinel-1 / 2021-10-09,2021-10-09 11:01–18:01 UTC+8,TAIHANG118 / MMSI 412065000,Synthetic AIS for MVP demonstration; not historical AIS.
412065000,TAIHANG118,2021-10-09T16:11:00+08:00,24.123696,120.196738,10.84,57.28,58.99,under_way_using_engine,high,SYN-01,toward_spill_then_pass,SYNTHETIC,Taichung Port / Sentinel-1 / 2021-10-09,2021-10-09 11:01–18:01 UTC+8,TAIHANG118 / MMSI 412065000,Synthetic AIS for MVP demonstration; not historical AIS.
413000104,SYNTH_CARGO_04,2021-10-09T18:01:00+08:00,24.302511,120.493712,13.73,235.52,233.67,under_way_using_engine,high,SYN-05,far,SYNTHETIC,Taichung Port / Sentinel-1 / 2021-10-09,2021-10-09 11:01–18:01 UTC+8,TAIHANG118 / MMSI 412065000,Synthetic AIS for MVP demonstration; not historical AIS.
413000102,SYNTH_CARGO_02,2021-10-09T17:01:01+08:00,24.112319,120.339008,8.61,323.96,325.52,under_way_using_engine,high,SYN-03,parallel,SYNTHETIC,Taichung Port / Sentinel-1 / 2021-10-09,2021-10-09 11:01–18:01 UTC+8,TAIHANG118 / MMSI 412065000,Synthetic AIS for MVP demonstration; not historical AIS.
413000103,SYNTH_TUG_03,2021-10-09T11:51:00+08:00,24.232093,120.351123,8.63,228.13,224.7,under_way_using_engine,high,SYN-04,moving_away,SYNTHETIC,Taichung Port / Sentinel-1 / 2021-10-09,2021-10-09 11:01–18:01 UTC+8,TAIHANG118 / MMSI 412065000,Synthetic AIS for MVP demonstration; not historical AIS.
413000102,SYNTH_CARGO_02,2021-10-09T16:31:01+08:00,24.110793,120.341218,8.72,323.36,323.27,under_way_using_engine,high,SYN-03,parallel,SYNTHETIC,Taichung Port / Sentinel-1 / 2021-10-09,2021-10-09 11:01–18:01 UTC+8,TAIHANG118 / MMSI 412065000,Synthetic AIS for MVP demonstration; not historical AIS.
413000102,SYNTH_CARGO_02,2021-10-09T12:11:00+08:00,24.098362,120.359956,8.77,321.83,323.79,under_way_using_engine,high,SYN-03,parallel,SYNTHETIC,Taichung Port / Sentinel-1 / 2021-10-09,2021-10-09 11:01–18:01 UTC+8,TAIHANG118 / MMSI 412065000,Synthetic AIS for MVP demonstration; not historical AIS.
412065000,TAIHANG118,2021-10-09T15:51:00+08:00,24.122489,120.19483,10.84,56.09,58.42,under_way_using_engine,high,SYN-01,toward_spill_then_pass,SYNTHETIC,Taichung Port / Sentinel-1 / 2021-10-09,2021-10-09 11:01–18:01 UTC+8,TAIHANG118 / MMSI 412065000,Synthetic AIS for MVP demonstration; not historical AIS.
413000105,SYNTH_TANKER_05,2021-10-09T13:11:00+08:00,24.146538,120.395614,11.42,284.47,284.44,under_way_using_engine,high,SYN-06,cross_track,SYNTHETIC,Taichung Port / Sentinel-1 / 2021-10-09,2021-10-09 11:01–18:01 UTC+8,TAIHANG118 / MMSI 412065000,Synthetic AIS for MVP demonstration; not historical AIS.
413000103,SYNTH_TUG_03,2021-10-09T16:41:00+08:00,24.215262,120.328503,8.61,226.81,226.16,under_way_using_engine,high,SYN-04,moving_away,SYNTHETIC,Taichung Port / Sentinel-1 / 2021-10-09,2021-10-09 11:01–18:01 UTC+8,TAIHANG118 / MMSI 412065000,Synthetic AIS for MVP demonstration; not historical AIS.
412065000,TAIHANG118,2021-10-09T12:41:01+08:00,24.111697,120.175716,10.78,61.95,60.61,under_way_using_engine,high,SYN-01,toward_spill_then_pass,SYNTHETIC,Taichung Port / Sentinel-1 / 2021-10-09,2021-10-09 11:01–18:01 UTC+8,TAIHANG118 / MMSI 412065000,Synthetic AIS for MVP demonstration; not historical AIS.
413000107,SYNTH_CARGO_07,2021-10-09T11:50:59+08:00,24.272173,120.205906,8.15,160.37,161.63,under_way_using_engine,high,SYN-08,wrong_heading,SYNTHETIC,Taichung Port / Sentinel-1 / 2021-10-09,2021-10-09 11:01–18:01 UTC+8,TAIHANG118 / MMSI 412065000,Synthetic AIS for MVP demonstration; not historical AIS.
413000101,SYNTH_TANKER_01,2021-10-09T17:41:00+08:00,24.123811,120.257773,11.89,42.57,39.7,under_way_using_engine,high,SYN-02,nearby_wrong_timing,SYNTHETIC,Taichung Port / Sentinel-1 / 2021-10-09,2021-10-09 11:01–18:01 UTC+8,TAIHANG118 / MMSI 412065000,Synthetic AIS for MVP demonstration; not historical AIS.
413000107,SYNTH_CARGO_07,2021-10-09T13:11:00+08:00,24.267866,120.207285,7.53,155.99,154.28,under_way_using_engine,high,SYN-08,wrong_heading,SYNTHETIC,Taichung Port / Sentinel-1 / 2021-10-09,2021-10-09 11:01–18:01 UTC+8,TAIHANG118 / MMSI 412065000,Synthetic AIS for MVP demonstration; not historical AIS.
413000101,SYNTH_TANKER_01,2021-10-09T16:11:01+08:00,24.117316,120.25038,12.2,41.92,41.68,under_way_using_engine,high,SYN-02,nearby_wrong_timing,SYNTHETIC,Taichung Port / Sentinel-1 / 2021-10-09,2021-10-09 11:01–18:01 UTC+8,TAIHANG118 / MMSI 412065000,Synthetic AIS for MVP demonstration; not historical AIS.
413000102,SYNTH_CARGO_02,2021-10-09T14:10:59+08:00,24.104116,120.351282,9.0,316.67,320.37,under_way_using_engine,high,SYN-03,parallel,SYNTHETIC,Taichung Port / Sentinel-1 / 2021-10-09,2021-10-09 11:01–18:01 UTC+8,TAIHANG118 / MMSI 412065000,Synthetic AIS for MVP demonstration; not historical AIS.
412065000,TAIHANG118,2021-10-09T16:21:01+08:00,24.124347,120.197839,11.15,56.88,56.71,under_way_using_engine,high,SYN-01,toward_spill_then_pass,SYNTHETIC,Taichung Port / Sentinel-1 / 2021-10-09,2021-10-09 11:01–18:01 UTC+8,TAIHANG118 / MMSI 412065000,Synthetic AIS for MVP demonstration; not historical AIS.
413000101,SYNTH_TANKER_01,2021-10-09T13:21:01+08:00,24.105083,120.236521,11.71,42.58,41.43,under_way_using_engine,high,SYN-02,nearby_wrong_timing,SYNTHETIC,Taichung Port / Sentinel-1 / 2021-10-09,2021-10-09 11:01–18:01 UTC+8,TAIHANG118 / MMSI 412065000,Synthetic AIS for MVP demonstration; not historical AIS.
412065000,TAIHANG118,2021-10-09T11:40:59+08:00,24.107838,120.169328,10.99,60.48,60.34,under_way_using_engine,high,SYN-01,toward_spill_then_pass,SYNTHETIC,Taichung Port / Sentinel-1 / 2021-10-09,2021-10-09 11:01–18:01 UTC+8,TAIHANG118 / MMSI 412065000,Synthetic AIS for MVP demonstration; not historical AIS.
413000106,SYNTH_CONTAINER_06,2021-10-09T14:31:00+08:00,24.032353,120.095993,13.88,68.35,71.22,under_way_using_engine,high,SYN-07,approaches_late,SYNTHETIC,Taichung Port / Sentinel-1 / 2021-10-09,2021-10-09 11:01–18:01 UTC+8,TAIHANG118 / MMSI 412065000,Synthetic AIS for MVP demonstration; not historical AIS.
413000101,SYNTH_TANKER_01,2021-10-09T17:10:59+08:00,24.121648,120.255343,12.01,44.72,45.03,under_way_using_engine,high,SYN-02,nearby_wrong_timing,SYNTHETIC,Taichung Port / Sentinel-1 / 2021-10-09,2021-10-09 11:01–18:01 UTC+8,TAIHANG118 / MMSI 412065000,Synthetic AIS for MVP demonstration; not historical AIS.
412065000,TAIHANG118,2021-10-09T17:01:00+08:00,24.126818,120.201741,10.61,60.04,59.81,under_way_using_engine,high,SYN-01,toward_spill_then_pass,SYNTHETIC,Taichung Port / Sentinel-1 / 2021-10-09,2021-10-09 11:01–18:01 UTC+8,TAIHANG118 / MMSI 412065000,Synthetic AIS for MVP demonstration; not historical AIS.
413000105,SYNTH_TANKER_05,2021-10-09T17:11:00+08:00,24.149422,120.37826,11.33,304.33,301.78,under_way_using_engine,high,SYN-06,cross_track,SYNTHETIC,Taichung Port / Sentinel-1 / 2021-10-09,2021-10-09 11:01–18:01 UTC+8,TAIHANG118 / MMSI 412065000,Synthetic AIS for MVP demonstration; not historical AIS.
413000107,SYNTH_CARGO_07,2021-10-09T14:51:00+08:00,24.262362,120.209189,7.68,160.8,163.16,under_way_using_engine,high,SYN-08,wrong_heading,SYNTHETIC,Taichung Port / Sentinel-1 / 2021-10-09,2021-10-09 11:01–18:01 UTC+8,TAIHANG118 / MMSI 412065000,Synthetic AIS for MVP demonstration; not historical AIS.
413000104,SYNTH_CARGO_04,2021-10-09T15:11:00+08:00,24.30555,120.498227,13.22,235.66,234.64,under_way_using_engine,high,SYN-05,far,SYNTHETIC,Taichung Port / Sentinel-1 / 2021-10-09,2021-10-09 11:01–18:01 UTC+8,TAIHANG118 / MMSI 412065000,Synthetic AIS for MVP demonstration; not historical AIS.
413000106,SYNTH_CONTAINER_06,2021-10-09T12:31:00+08:00,24.022329,120.083985,14.51,68.63,66.75,under_way_using_engine,high,SYN-07,approaches_late,SYNTHETIC,Taichung Port / Sentinel-1 / 2021-10-09,2021-10-09 11:01–18:01 UTC+8,TAIHANG118 / MMSI 412065000,Synthetic AIS for MVP demonstration; not historical AIS.
413000104,SYNTH_CARGO_04,2021-10-09T13:51:01+08:00,24.306889,120.500412,13.59,233.67,233.1,under_way_using_engine,high,SYN-05,far,SYNTHETIC,Taichung Port / Sentinel-1 / 2021-10-09,2021-10-09 11:01–18:01 UTC+8,TAIHANG118 / MMSI 412065000,Synthetic AIS for MVP demonstration; not historical AIS.
413000107,SYNTH_CARGO_07,2021-10-09T18:01:00+08:00,24.251859,120.212565,7.42,156.9,159.32,under_way_using_engine,high,SYN-08,wrong_heading,SYNTHETIC,Taichung Port / Sentinel-1 / 2021-10-09,2021-10-09 11:01–18:01 UTC+8,TAIHANG118 / MMSI 412065000,Synthetic AIS for MVP demonstration; not historical AIS.
413000102,SYNTH_CARGO_02,2021-10-09T15:21:00+08:00,24.10748,120.346374,9.25,317.97,319.05,under_way_using_engine,high,SYN-03,parallel,SYNTHETIC,Taichung Port / Sentinel-1 / 2021-10-09,2021-10-09 11:01–18:01 UTC+8,TAIHANG118 / MMSI 412065000,Synthetic AIS for MVP demonstration; not historical AIS.
412065000,TAIHANG118,2021-10-09T18:01:00+08:00,24.130919,120.20782,10.29,59.54,57.95,under_way_using_engine,high,SYN-01,toward_spill_then_pass,SYNTHETIC,Taichung Port / Sentinel-1 / 2021-10-09,2021-10-09 11:01–18:01 UTC+8,TAIHANG118 / MMSI 412065000,Synthetic AIS for MVP demonstration; not historical AIS.
413000105,SYNTH_TANKER_05,2021-10-09T12:21:00+08:00,24.145913,120.39924,10.92,285.86,285.64,under_way_using_engine,high,SYN-06,cross_track,SYNTHETIC,Taichung Port / Sentinel-1 / 2021-10-09,2021-10-09 11:01–18:01 UTC+8,TAIHANG118 / MMSI 412065000,Synthetic AIS for MVP demonstration; not historical AIS.
412065000,TAIHANG118,2021-10-09T17:30:59+08:00,24.128831,120.204721,10.37,61.19,62.99,under_way_using_engine,high,SYN-01,toward_spill_then_pass,SYNTHETIC,Taichung Port / Sentinel-1 / 2021-10-09,2021-10-09 11:01–18:01 UTC+8,TAIHANG118 / MMSI 412065000,Synthetic AIS for MVP demonstration; not historical AIS.
413000106,SYNTH_CONTAINER_06,2021-10-09T13:11:01+08:00,24.025684,120.088063,14.15,68.21,64.04,under_way_using_engine,high,SYN-07,approaches_late,SYNTHETIC,Taichung Port / Sentinel-1 / 2021-10-09,2021-10-09 11:01–18:01 UTC+8,TAIHANG118 / MMSI 412065000,Synthetic AIS for MVP demonstration; not historical AIS.
413000104,SYNTH_CARGO_04,2021-10-09T16:11:01+08:00,24.30445,120.49664,13.08,237.98,239.68,under_way_using_engine,high,SYN-05,far,SYNTHETIC,Taichung Port / Sentinel-1 / 2021-10-09,2021-10-09 11:01–18:01 UTC+8,TAIHANG118 / MMSI 412065000,Synthetic AIS for MVP demonstration; not historical AIS.
413000105,SYNTH_TANKER_05,2021-10-09T13:31:01+08:00,24.146849,120.394194,11.2,282.39,277.66,under_way_using_engine,high,SYN-06,cross_track,SYNTHETIC,Taichung Port / Sentinel-1 / 2021-10-09,2021-10-09 11:01–18:01 UTC+8,TAIHANG118 / MMSI 412065000,Synthetic AIS for MVP demonstration; not historical AIS.
413000102,SYNTH_CARGO_02,2021-10-09T11:01:00+08:00,24.095036,120.365058,9.34,320.85,320.04,under_way_using_engine,high,SYN-03,parallel,SYNTHETIC,Taichung Port / Sentinel-1 / 2021-10-09,2021-10-09 11:01–18:01 UTC+8,TAIHANG118 / MMSI 412065000,Synthetic AIS for MVP demonstration; not historical AIS.
413000103,SYNTH_TUG_03,2021-10-09T14:41:00+08:00,24.222248,120.337837,9.29,223.21,223.5,under_way_using_engine,high,SYN-04,moving_away,SYNTHETIC,Taichung Port / Sentinel-1 / 2021-10-09,2021-10-09 11:01–18:01 UTC+8,TAIHANG118 / MMSI 412065000,Synthetic AIS for MVP demonstration; not historical AIS.
412065000,TAIHANG118,2021-10-09T11:21:00+08:00,24.106412,120.167091,10.83,60.11,56.36,under_way_using_engine,high,SYN-01,toward_spill_then_pass,SYNTHETIC,Taichung Port / Sentinel-1 / 2021-10-09,2021-10-09 11:01–18:01 UTC+8,TAIHANG118 / MMSI 412065000,Synthetic AIS for MVP demonstration; not historical AIS.
413000101,SYNTH_TANKER_01,2021-10-09T16:01:00+08:00,24.116596,120.249534,12.3,42.85,41.56,under_way_using_engine,high,SYN-02,nearby_wrong_timing,SYNTHETIC,Taichung Port / Sentinel-1 / 2021-10-09,2021-10-09 11:01–18:01 UTC+8,TAIHANG118 / MMSI 412065000,Synthetic AIS for MVP demonstration; not historical AIS.
413000105,SYNTH_TANKER_05,2021-10-09T18:01:00+08:00,24.150037,120.374784,11.31,302.88,303.99,under_way_using_engine,high,SYN-06,cross_track,SYNTHETIC,Taichung Port / Sentinel-1 / 2021-10-09,2021-10-09 11:01–18:01 UTC+8,TAIHANG118 / MMSI 412065000,Synthetic AIS for MVP demonstration; not historical AIS.
413000101,SYNTH_TANKER_01,2021-10-09T15:41:00+08:00,24.115113,120.247945,12.37,41.24,39.05,under_way_using_engine,high,SYN-02,nearby_wrong_timing,SYNTHETIC,Taichung Port / Sentinel-1 / 2021-10-09,2021-10-09 11:01–18:01 UTC+8,TAIHANG118 / MMSI 412065000,Synthetic AIS for MVP demonstration; not historical AIS.
413000101,SYNTH_TANKER_01,2021-10-09T17:31:00+08:00,24.123118,120.256946,11.78,45.32,45.42,under_way_using_engine,high,SYN-02,nearby_wrong_timing,SYNTHETIC,Taichung Port / Sentinel-1 / 2021-10-09,2021-10-09 11:01–18:01 UTC+8,TAIHANG118 / MMSI 412065000,Synthetic AIS for MVP demonstration; not historical AIS.
413000102,SYNTH_CARGO_02,2021-10-09T15:00:59+08:00,24.10644,120.347716,9.38,320.17,319.45,under_way_using_engine,high,SYN-03,parallel,SYNTHETIC,Taichung Port / Sentinel-1 / 2021-10-09,2021-10-09 11:01–18:01 UTC+8,TAIHANG118 / MMSI 412065000,Synthetic AIS for MVP demonstration; not historical AIS.
413000103,SYNTH_TUG_03,2021-10-09T11:01:00+08:00,24.235027,120.354984,8.84,225.45,220.23,under_way_using_engine,high,SYN-04,moving_away,SYNTHETIC,Taichung Port / Sentinel-1 / 2021-10-09,2021-10-09 11:01–18:01 UTC+8,TAIHANG118 / MMSI 412065000,Synthetic AIS for MVP demonstration; not historical AIS.
413000101,SYNTH_TANKER_01,2021-10-09T15:51:01+08:00,24.115788,120.248798,12.31,42.58,40.62,under_way_using_engine,high,SYN-02,nearby_wrong_timing,SYNTHETIC,Taichung Port / Sentinel-1 / 2021-10-09,2021-10-09 11:01–18:01 UTC+8,TAIHANG118 / MMSI 412065000,Synthetic AIS for MVP demonstration; not historical AIS.
413000105,SYNTH_TANKER_05,2021-10-09T12:31:00+08:00,24.146035,120.398585,11.25,286.9,286.84,under_way_using_engine,high,SYN-06,cross_track,SYNTHETIC,Taichung Port / Sentinel-1 / 2021-10-09,2021-10-09 11:01–18:01 UTC+8,TAIHANG118 / MMSI 412065000,Synthetic AIS for MVP demonstration; not historical AIS.
413000105,SYNTH_TANKER_05,2021-10-09T11:51:00+08:00,24.145606,120.401408,10.92,288.29,288.61,under_way_using_engine,high,SYN-06,cross_track,SYNTHETIC,Taichung Port / Sentinel-1 / 2021-10-09,2021-10-09 11:01–18:01 UTC+8,TAIHANG118 / MMSI 412065000,Synthetic AIS for MVP demonstration; not historical AIS.
413000102,SYNTH_CARGO_02,2021-10-09T17:21:01+08:00,24.113176,120.337653,8.46,323.74,319.45,under_way_using_engine,high,SYN-03,parallel,SYNTHETIC,Taichung Port / Sentinel-1 / 2021-10-09,2021-10-09 11:01–18:01 UTC+8,TAIHANG118 / MMSI 412065000,Synthetic AIS for MVP demonstration; not historical AIS.
413000103,SYNTH_TUG_03,2021-10-09T13:41:00+08:00,24.225728,120.342566,8.94,220.3,220.77,under_way_using_engine,high,SYN-04,moving_away,SYNTHETIC,Taichung Port / Sentinel-1 / 2021-10-09,2021-10-09 11:01–18:01 UTC+8,TAIHANG118 / MMSI 412065000,Synthetic AIS for MVP demonstration; not historical AIS.
413000106,SYNTH_CONTAINER_06,2021-10-09T15:11:00+08:00,24.035405,120.099976,14.13,71.89,70.33,under_way_using_engine,high,SYN-07,approaches_late,SYNTHETIC,Taichung Port / Sentinel-1 / 2021-10-09,2021-10-09 11:01–18:01 UTC+8,TAIHANG118 / MMSI 412065000,Synthetic AIS for MVP demonstration; not historical AIS.
412065000,TAIHANG118,2021-10-09T13:21:00+08:00,24.114225,120.179913,10.56,59.18,58.65,under_way_using_engine,high,SYN-01,toward_spill_then_pass,SYNTHETIC,Taichung Port / Sentinel-1 / 2021-10-09,2021-10-09 11:01–18:01 UTC+8,TAIHANG118 / MMSI 412065000,Synthetic AIS for MVP demonstration; not historical AIS.
413000105,SYNTH_TANKER_05,2021-10-09T14:30:59+08:00,24.147533,120.389858,10.7,285.74,289.36,under_way_using_engine,high,SYN-06,cross_track,SYNTHETIC,Taichung Port / Sentinel-1 / 2021-10-09,2021-10-09 11:01–18:01 UTC+8,TAIHANG118 / MMSI 412065000,Synthetic AIS for MVP demonstration; not historical AIS.
413000106,SYNTH_CONTAINER_06,2021-10-09T12:41:01+08:00,24.023184,120.084961,14.53,70.18,69.31,under_way_using_engine,high,SYN-07,approaches_late,SYNTHETIC,Taichung Port / Sentinel-1 / 2021-10-09,2021-10-09 11:01–18:01 UTC+8,TAIHANG118 / MMSI 412065000,Synthetic AIS for MVP demonstration; not historical AIS.
413000105,SYNTH_TANKER_05,2021-10-09T17:41:00+08:00,24.149799,120.376168,11.05,302.22,301.81,under_way_using_engine,high,SYN-06,cross_track,SYNTHETIC,Taichung Port / Sentinel-1 / 2021-10-09,2021-10-09 11:01–18:01 UTC+8,TAIHANG118 / MMSI 412065000,Synthetic AIS for MVP demonstration; not historical AIS.
413000104,SYNTH_CARGO_04,2021-10-09T11:51:01+08:00,24.30915,120.503705,13.19,237.43,235.89,under_way_using_engine,high,SYN-05,far,SYNTHETIC,Taichung Port / Sentinel-1 / 2021-10-09,2021-10-09 11:01–18:01 UTC+8,TAIHANG118 / MMSI 412065000,Synthetic AIS for MVP demonstration; not historical AIS.
413000106,SYNTH_CONTAINER_06,2021-10-09T13:40:59+08:00,24.028114,120.09094,13.99,67.25,65.72,under_way_using_engine,high,SYN-07,approaches_late,SYNTHETIC,Taichung Port / Sentinel-1 / 2021-10-09,2021-10-09 11:01–18:01 UTC+8,TAIHANG118 / MMSI 412065000,Synthetic AIS for MVP demonstration; not historical AIS.
413000102,SYNTH_CARGO_02,2021-10-09T14:41:00+08:00,24.105553,120.349154,9.28,317.05,319.08,under_way_using_engine,high,SYN-03,parallel,SYNTHETIC,Taichung Port / Sentinel-1 / 2021-10-09,2021-10-09 11:01–18:01 UTC+8,TAIHANG118 / MMSI 412065000,Synthetic AIS for MVP demonstration; not historical AIS.
413000103,SYNTH_TUG_03,2021-10-09T17:20:59+08:00,24.212977,120.325341,8.89,226.37,225.92,under_way_using_engine,high,SYN-04,moving_away,SYNTHETIC,Taichung Port / Sentinel-1 / 2021-10-09,2021-10-09 11:01–18:01 UTC+8,TAIHANG118 / MMSI 412065000,Synthetic AIS for MVP demonstration; not historical AIS.
413000106,SYNTH_CONTAINER_06,2021-10-09T15:50:59+08:00,24.038783,120.104006,14.53,72.85,71.66,under_way_using_engine,high,SYN-07,approaches_late,SYNTHETIC,Taichung Port / Sentinel-1 / 2021-10-09,2021-10-09 11:01–18:01 UTC+8,TAIHANG118 / MMSI 412065000,Synthetic AIS for MVP demonstration; not historical AIS.
413000107,SYNTH_CARGO_07,2021-10-09T13:01:00+08:00,24.268408,120.207227,7.56,158.73,156.24,under_way_using_engine,high,SYN-08,wrong_heading,SYNTHETIC,Taichung Port / Sentinel-1 / 2021-10-09,2021-10-09 11:01–18:01 UTC+8,TAIHANG118 / MMSI 412065000,Synthetic AIS for MVP demonstration; not historical AIS.
413000101,SYNTH_TANKER_01,2021-10-09T11:41:00+08:00,24.097902,120.228292,12.64,44.96,44.67,under_way_using_engine,high,SYN-02,nearby_wrong_timing,SYNTHETIC,Taichung Port / Sentinel-1 / 2021-10-09,2021-10-09 11:01–18:01 UTC+8,TAIHANG118 / MMSI 412065000,Synthetic AIS for MVP demonstration; not historical AIS.
413000104,SYNTH_CARGO_04,2021-10-09T11:01:00+08:00,24.309952,120.505024,13.24,237.59,239.41,under_way_using_engine,high,SYN-05,far,SYNTHETIC,Taichung Port / Sentinel-1 / 2021-10-09,2021-10-09 11:01–18:01 UTC+8,TAIHANG118 / MMSI 412065000,Synthetic AIS for MVP demonstration; not historical AIS.
413000105,SYNTH_TANKER_05,2021-10-09T16:21:01+08:00,24.148815,120.381873,11.16,305.51,303.73,under_way_using_engine,high,SYN-06,cross_track,SYNTHETIC,Taichung Port / Sentinel-1 / 2021-10-09,2021-10-09 11:01–18:01 UTC+8,TAIHANG118 / MMSI 412065000,Synthetic AIS for MVP demonstration; not historical AIS.
